,SARIMA,SARIMA,LSTM,LSTM,GRU,GRU
,y_true,y_pred,y_true,y_pred,y_true,y_pred
timestamp,,,,,,
2013-12-16 00:00:00,346.46027,725.08374,346.46027,334.99838,346.46027,337.82675
2013-12-16 00:10:00,335.47937,497.71735,335.47937,323.58533,335.47937,326.8454
2013-12-16 00:20:00,321.91083,393.87958,321.91083,318.03375,321.91083,317.763
2013-12-16 00:30:00,286.60004,375.63943,286.60004,308.5083,286.60004,306.71985
2013-12-16 00:40:00,299.6622,323.81894,299.6622,290.9409,299.6622,286.00992
2013-12-16 00:50:00,247.8545,296.78204,247.8545,287.91437,247.8545,285.0091
2013-12-16 01:00:00,235.49236,307.4009,235.49236,264.92093,235.49236,259.133
2013-12-16 01:10:00,268.69864,217.2222,268.69864,247.45546,268.69864,242.2765
2013-12-16 01:20:00,252.07263,239.29353,252.07263,255.52434,252.07263,252.47229
2013-12-16 01:30:00,218.37958,239.20616,218.37958,255.7092,218.37958,249.78592
2013-12-16 01:40:00,231.68237,206.61578,231.68237,242.65076,231.68237,233.46486
2013-12-16 01:50:00,209.62328,236.60641,209.62328,241.28613,209.62328,233.82018
2013-12-16 02:00:00,209.11711,234.59363,209.11711,231.30473,209.11711,222.69687
2013-12-16 02:10:00,235.20218,181.97083,235.20218,226.21375,235.20218,217.98322
2013-12-16 02:20:00,214.24268,227.3239,214.24268,237.03946,214.24268,230.1426
2013-12-16 02:30:00,207.96501,216.64165,207.96501,236.44357,207.96501,226.43074
2013-12-16 02:40:00,218.90169,191.71828,218.90169,233.35081,218.90169,222.81613
2013-12-16 02:50:00,192.52118,206.965,192.52118,237.73415,192.52118,227.74608
2013-12-16 03:00:00,199.50375,205.26488,199.50375,227.85071,199.50375,216.1333
2013-12-16 03:10:00,205.08748,170.49219,205.08748,224.41656,205.08748,214.19803
2013-12-16 03:20:00,198.84103,205.084,198.84103,226.3367,198.84103,216.10556
2013-12-16 03:30:00,199.28387,200.77802,199.28387,225.061,199.28387,213.69487
2013-12-16 03:40:00,209.12245,176.78322,209.12245,224.11684,209.12245,212.88496
2013-12-16 03:50:00,184.26079,197.05214,184.26079,229.09998,184.26079,218.3208
2013-12-16 04:00:00,201.11852,190.68604,201.11852,220.74268,201.11852,208.22643
2013-12-16 04:10:00,209.11015,178.41824,209.11015,223.07051,209.11015,212.55858
2013-12-16 04:20:00,183.43298,195.96964,183.43298,229.74931,183.43298,219.10893
2013-12-16 04:30:00,199.95718,193.74065,199.95718,221.96896,199.95718,209.01753
2013-12-16 04:40:00,200.8317,183.22762,200.8317,224.1166,200.8317,212.90805
2013-12-16 04:50:00,179.1481,197.4422,179.1481,226.64037,179.1481,215.0464
2013-12-16 05:00:00,210.14604,200.0257,210.14604,217.52089,210.14604,204.51291
2013-12-16 05:10:00,205.14394,186.86157,205.14394,226.0565,205.14394,215.7681
2013-12-16 05:20:00,189.92653,215.9253,189.92653,230.34471,189.92653,218.78407
2013-12-16 05:30:00,202.23596,216.09732,202.23596,225.9464,202.23596,213.03067
2013-12-16 05:40:00,209.58281,174.79109,209.58281,228.52802,209.58281,216.935
2013-12-16 05:50:00,187.69508,219.86589,187.69508,234.15466,187.69508,222.66342
2013-12-16 06:00:00,199.13739,202.60214,199.13739,226.95604,199.13739,213.8451
2013-12-16 06:10:00,207.1426,175.80864,207.1426,227.39528,207.1426,215.60265
2013-12-16 06:20:00,193.52405,202.41418,193.52405,231.75005,193.52405,220.18762
2013-12-16 06:30:00,233.35507,176.65898,233.35507,227.68251,233.35507,215.01068
2013-12-16 06:40:00,318.2609,233.07924,318.2609,244.1394,318.2609,234.07478
2013-12-16 06:50:00,289.03192,268.16638,289.03192,296.80405,289.03192,289.96246
2013-12-16 07:00:00,270.34906,281.79248,270.34906,319.42346,270.34906,306.1032
2013-12-16 07:10:00,247.3762,260.76157,247.3762,324.87924,247.3762,308.90845
2013-12-16 07:20:00,269.4001,279.61832,269.4001,314.45825,269.4001,298.05515
2013-12-16 07:30:00,277.7562,247.91579,277.7562,314.1372,277.7562,301.08673
2013-12-16 07:40:00,299.50864,253.87848,299.50864,316.01474,299.50864,303.20532
2013-12-16 07:50:00,318.23898,294.82352,318.23898,326.161,318.23898,313.56577
2013-12-16 08:00:00,395.32355,329.60364,395.32355,340.44266,395.32355,327.8119
2013-12-16 08:10:00,432.19437,355.6301,432.19437,386.61758,432.19437,377.3942
2013-12-16 08:20:00,419.6882,414.6008,419.6882,435.95862,419.6882,425.28836
2013-12-16 08:30:00,572.12714,466.08408,572.12714,461.7496,572.12714,447.51688
2013-12-16 08:40:00,695.29205,570.5749,695.29205,550.1579,695.29205,544.33325
2013-12-16 08:50:00,704.80206,545.558,704.80206,669.5141,704.80206,662.55896
2013-12-16 09:00:00,789.2132,700.7456,789.2132,749.9121,789.2132,732.87775
2013-12-16 09:10:00,869.79865,796.1973,869.79865,835.9702,869.79865,818.8225
2013-12-16 09:20:00,834.4706,791.34485,834.4706,922.37537,834.4706,905.38226
2013-12-16 09:30:00,946.5521,877.8097,946.5521,952.2632,946.5521,927.79126
2013-12-16 09:40:00,943.60834,997.7188,943.60834,1012.8926,943.60834,995.4541
2013-12-16 09:50:00,961.70447,1102.2413,961.70447,1040.2388,961.70447,1018.9548
2013-12-16 10:00:00,1011.9496,896.87616,1011.9496,1054.9597,1011.9496,1034.061
2013-12-16 10:10:00,947.59705,1109.4349,947.59705,1079.2086,947.59705,1061.4974
2013-12-16 10:20:00,1048.656,925.03467,1048.656,1054.9958,1048.656,1032.6154
2013-12-16 10:30:00,1179.4794,1039.824,1179.4794,1077.864,1179.4794,1066.9951
2013-12-16 10:40:00,1383.9191,1222.7208,1383.9191,1154.0428,1383.9191,1149.6029
2013-12-16 10:50:00,1328.7418,1404.9828,1328.7418,1302.9767,1328.7418,1302.7426
2013-12-16 11:00:00,1379.0597,1327.6594,1379.0597,1371.028,1379.0597,1354.5527
2013-12-16 11:10:00,1550.8689,1542.6943,1550.8689,1433.7084,1550.8689,1418.0535
2013-12-16 11:20:00,1559.0098,1664.2699,1559.0098,1550.2667,1559.0098,1543.7592
2013-12-16 11:30:00,1864.4413,1466.6755,1864.4413,1619.3912,1864.4413,1605.634
2013-12-16 11:40:00,1848.016,1697.7653,1848.016,1804.2244,1848.016,1803.7378
2013-12-16 11:50:00,1709.3956,1850.9229,1709.3956,1904.4485,1709.3956,1886.124
2013-12-16 12:00:00,1961.1587,1790.4021,1961.1587,1886.0333,1961.1587,1852.7825
2013-12-16 12:10:00,2086.6458,2000.6505,2086.6458,1980.3335,2086.6458,1970.6108
2013-12-16 12:20:00,1910.0787,1891.0984,1910.0787,2086.045,1910.0787,2078.17
2013-12-16 12:30:00,2116.0876,1932.2816,2116.0876,2054.9434,2116.0876,2026.3942
2013-12-16 12:40:00,2292.748,2146.4104,2292.748,2123.637,2292.748,2114.624
2013-12-16 12:50:00,2109.0095,2336.0903,2109.0095,2246.0322,2109.0095,2241.184
2013-12-16 13:00:00,2360.4446,2265.4663,2360.4446,2221.0107,2360.4446,2192.8347
2013-12-16 13:10:00,2505.1448,2258.2292,2505.1448,2317.732,2505.1448,2312.1555
2013-12-16 13:20:00,2585.238,2399.5457,2585.238,2443.5168,2585.238,2439.018
2013-12-16 13:30:00,2969.4912,2404.5867,2969.4912,2553.3647,2969.4912,2543.093
2013-12-16 13:40:00,3057.33,2923.823,3057.33,2809.427,3057.33,2812.6267
2013-12-16 13:50:00,2938.056,2978.233,2938.056,3001.2856,2938.056,2986.5186
2013-12-16 14:00:00,2866.0698,2755.1592,2866.0698,3043.2717,2866.0698,3009.753
2013-12-16 14:10:00,2798.73,2794.3225,2798.73,3018.7937,2798.73,2986.942
2013-12-16 14:20:00,2803.0942,2764.7021,2803.0942,2950.1997,2803.0942,2924.3027
2013-12-16 14:30:00,2646.84,2782.6016,2646.84,2885.476,2646.84,2870.5557
2013-12-16 14:40:00,2462.6577,2730.5537,2462.6577,2754.4329,2462.6577,2732.038
2013-12-16 14:50:00,2350.5298,2660.6506,2350.5298,2573.0298,2350.5298,2545.875
2013-12-16 15:00:00,2328.2554,2438.081,2328.2554,2393.6594,2328.2554,2373.5198
2013-12-16 15:10:00,2480.486,2263.4302,2480.486,2273.5615,2480.486,2263.378
2013-12-16 15:20:00,2310.5579,2437.2231,2310.5579,2281.4534,2310.5579,2285.6807
2013-12-16 15:30:00,2615.6433,2368.1655,2615.6433,2216.1816,2615.6433,2203.0183
2013-12-16 15:40:00,2538.4104,2520.0706,2538.4104,2345.9644,2538.4104,2355.9028
2013-12-16 15:50:00,2448.4739,2544.8433,2448.4739,2405.2764,2448.4739,2396.597
2013-12-16 16:00:00,2772.0137,2439.6216,2772.0137,2406.4595,2772.0137,2389.5552
2013-12-16 16:10:00,2690.5195,2556.5046,2690.5195,2571.6006,2690.5195,2580.6758
2013-12-16 16:20:00,2592.648,2746.473,2592.648,2636.7087,2592.648,2626.324
2013-12-16 16:30:00,2785.3909,2533.4404,2785.3909,2628.6213,2785.3909,2607.7085
2013-12-16 16:40:00,2619.2585,2726.9219,2619.2585,2711.3398,2619.2585,2707.454
2013-12-16 16:50:00,2633.5862,2460.41,2633.5862,2670.5647,2633.5862,2648.4092
2013-12-16 17:00:00,2544.4758,2619.0818,2544.4758,2643.535,2544.4758,2628.0256
2013-12-16 17:10:00,2674.0369,2524.9988,2674.0369,2575.3953,2674.0369,2557.5188
2013-12-16 17:20:00,2557.1147,2507.8499,2557.1147,2595.0474,2557.1147,2590.4963
2013-12-16 17:30:00,2391.7551,2464.2302,2391.7551,2543.9758,2391.7551,2527.9636
2013-12-16 17:40:00,2553.3015,2345.049,2553.3015,2435.426,2553.3015,2411.201
2013-12-16 17:50:00,2696.6912,2325.476,2696.6912,2445.4353,2696.6912,2443.0176
2013-12-16 18:00:00,2386.3591,2341.917,2386.3591,2523.6404,2386.3591,2527.5396
2013-12-16 18:10:00,2363.5815,2336.0222,2363.5815,2430.0771,2363.5815,2401.775
2013-12-16 18:20:00,2429.09,2123.8765,2429.09,2361.4094,2429.09,2343.8938
2013-12-16 18:30:00,2416.3308,2168.004,2416.3308,2350.1885,2416.3308,2346.5913
2013-12-16 18:40:00,2332.4739,2319.7139,2332.4739,2343.8735,2332.4739,2337.6616
2013-12-16 18:50:00,2197.7908,2032.655,2197.7908,2299.6577,2197.7908,2286.7559
2013-12-16 19:00:00,2127.2327,2107.641,2127.2327,2209.4604,2127.2327,2191.371
2013-12-16 19:10:00,2131.437,2014.7411,2131.437,2119.369,2131.437,2106.41
2013-12-16 19:20:00,1931.2819,1938.6777,1931.2819,2071.061,1931.2819,2065.271
2013-12-16 19:30:00,1857.6206,1867.6998,1857.6206,1946.3123,1857.6206,1929.4036
2013-12-16 19:40:00,1720.8193,1855.249,1720.8193,1834.255,1720.8193,1824.2903
2013-12-16 19:50:00,1719.8895,1775.2994,1719.8895,1707.4409,1719.8895,1697.19
2013-12-16 20:00:00,1494.5803,1777.2793,1494.5803,1638.487,1494.5803,1636.1453
2013-12-16 20:10:00,1387.2498,1523.31,1387.2498,1491.1252,1387.2498,1478.2534
2013-12-16 20:20:00,1310.2694,1484.6211,1310.2694,1355.7572,1310.2694,1348.7059
2013-12-16 20:30:00,1161.1025,1302.7557,1161.1025,1246.2295,1161.1025,1245.3802
2013-12-16 20:40:00,1097.789,1219.7517,1097.789,1118.8871,1097.789,1115.8054
2013-12-16 20:50:00,1052.019,1131.7228,1052.019,1020.0342,1052.019,1022.2429
2013-12-16 21:00:00,966.3625,1086.6268,966.3625,948.7811,966.3625,955.2345
2013-12-16 21:10:00,789.50476,1121.497,789.50476,878.6941,789.50476,884.0724
2013-12-16 21:20:00,889.26215,934.82556,889.26215,766.1596,889.26215,764.392
2013-12-16 21:30:00,790.8689,855.1752,790.8689,751.65533,790.8689,766.47314
2013-12-16 21:40:00,795.4714,893.65216,795.4714,712.9145,795.4714,720.91016
2013-12-16 21:50:00,769.1046,889.5321,769.1046,702.85736,769.1046,712.97003
2013-12-16 22:00:00,695.05756,902.3834,695.05756,699.16235,695.05756,706.02264
2013-12-16 22:10:00,614.00037,750.56305,614.00037,669.21954,614.00037,671.1821
2013-12-16 22:20:00,642.0887,692.7566,642.0887,617.93024,642.0887,617.23114
2013-12-16 22:30:00,682.7367,610.45026,682.7367,603.58,682.7367,608.36365
2013-12-16 22:40:00,582.5713,682.72266,582.5713,619.3972,582.5713,626.3384
2013-12-16 22:50:00,860.38293,660.48157,860.38293,589.5475,860.38293,586.19556
2013-12-16 23:00:00,633.47144,719.8656,633.47144,708.2586,633.47144,722.22296
2013-12-16 23:10:00,543.3787,674.48065,543.3787,686.5738,543.3787,674.1123
2013-12-16 23:20:00,597.4092,614.93445,597.4092,625.3718,597.4092,612.098
2013-12-16 23:30:00,610.5447,730.2405,610.5447,612.2294,610.5447,609.64856
2013-12-16 23:40:00,333.73605,579.88965,333.73605,609.6817,333.73605,608.80066
2013-12-16 23:50:00,394.0917,555.63043,394.0917,477.69815,394.0917,456.94775
2013-12-17 00:00:00,417.16583,68.1454,417.16583,415.1571,417.16583,409.17715
2013-12-17 00:10:00,311.1909,220.54208,311.1909,387.05154,311.1909,386.73282
2013-12-17 00:20:00,445.8625,234.99774,445.8625,322.9677,445.8625,316.7909
2013-12-17 00:30:00,342.1666,302.31985,342.1666,351.53357,342.1666,358.14365
2013-12-17 00:40:00,318.08643,319.7991,318.08643,333.36725,318.08643,330.14307
2013-12-17 00:50:00,304.5793,273.58707,304.5793,313.93646,304.5793,312.56302
2013-12-17 01:00:00,302.76498,269.4515,302.76498,307.02478,302.76498,304.14246
2013-12-17 01:10:00,232.73166,318.6142,232.73166,301.17184,232.73166,298.98196
2013-12-17 01:20:00,268.7748,259.25864,268.7748,266.13724,268.7748,259.76233
2013-12-17 01:30:00,226.48288,234.61795,226.48288,263.82224,226.48288,260.48367
2013-12-17 01:40:00,187.17807,239.56978,187.17807,246.71019,187.17807,237.73201
2013-12-17 01:50:00,223.17186,196.47401,223.17186,212.65022,223.17186,203.78644
2013-12-17 02:00:00,234.36075,207.88217,234.36075,211.34132,234.36075,207.23416
2013-12-17 02:10:00,216.70508,244.4525,216.70508,221.2262,216.70508,216.68883
2013-12-17 02:20:00,229.82294,210.13478,229.82294,221.36105,229.82294,215.17876
2013-12-17 02:30:00,209.51703,213.75258,209.51703,234.15596,209.51703,226.90771
2013-12-17 02:40:00,183.1384,220.60283,183.1384,233.22809,183.1384,223.77663
2013-12-17 02:50:00,202.82635,178.29974,202.82635,220.62411,202.82635,209.70364
2013-12-17 03:00:00,204.51138,196.82259,204.51138,221.66579,204.51138,212.84592
2013-12-17 03:10:00,173.6049,204.1645,173.6049,224.38347,173.6049,214.52788
2013-12-17 03:20:00,195.62657,184.46552,195.62657,210.71033,195.62657,198.48463
2013-12-17 03:30:00,199.54,190.63664,199.54,213.09685,199.54,202.59633
2013-12-17 03:40:00,188.96452,203.30331,188.96452,216.78073,188.96452,206.21367
2013-12-17 03:50:00,206.67401,172.05933,206.67401,214.35123,206.67401,203.22888
2013-12-17 04:00:00,213.5412,204.71733,213.5412,222.74043,213.5412,212.82176
2013-12-17 04:10:00,164.3832,214.60556,164.3832,232.95848,164.3832,222.46011
2013-12-17 04:20:00,205.71875,166.62506,205.71875,216.38887,205.71875,202.07495
2013-12-17 04:30:00,189.8338,202.18835,189.8338,224.23062,189.8338,213.82831
2013-12-17 04:40:00,165.30069,194.51544,165.30069,222.033,165.30069,209.83006
2013-12-17 04:50:00,211.25015,161.70984,211.25015,207.95955,211.25015,194.48007
2013-12-17 05:00:00,207.73288,214.5971,207.73288,220.46211,207.73288,210.77983
2013-12-17 05:10:00,186.83727,204.32208,186.83727,228.44565,186.83727,216.9688
2013-12-17 05:20:00,212.57007,182.3431,212.57007,223.44809,212.57007,210.22073
2013-12-17 05:30:00,199.12,207.73491,199.12,232.56471,199.12,221.60281
2013-12-17 05:40:00,189.68364,209.71863,189.68364,232.74754,189.68364,220.3314
2013-12-17 05:50:00,206.41656,179.48288,206.41656,227.64919,206.41656,214.88654
2013-12-17 06:00:00,199.14429,202.92857,199.14429,232.06572,199.14429,220.63768
2013-12-17 06:10:00,175.57236,207.64363,175.57236,231.7292,175.57236,219.00061
2013-12-17 06:20:00,211.8952,180.15665,211.8952,218.641,211.8952,204.9225
2013-12-17 06:30:00,229.97296,234.807,229.97296,227.5248,229.97296,216.91023
2013-12-17 06:40:00,222.11827,315.43127,222.11827,242.5441,222.11827,232.08643
2013-12-17 06:50:00,266.95532,245.29825,266.95532,248.98196,266.95532,236.94601
2013-12-17 07:00:00,266.6577,239.6777,266.6577,275.7595,266.6577,265.68066
2013-12-17 07:10:00,264.9794,226.3174,264.9794,293.95947,264.9794,281.60077
2013-12-17 07:20:00,299.75565,266.60132,299.75565,303.91132,299.75565,290.44565
2013-12-17 07:30:00,341.219,287.44882,341.219,326.15244,341.219,314.16434
2013-12-17 07:40:00,302.00635,332.917,302.00635,359.28482,302.00635,347.96313
2013-12-17 07:50:00,336.06754,334.47348,336.06754,361.0232,336.06754,344.53494
2013-12-17 08:00:00,375.1931,414.32416,375.1931,375.35788,375.1931,361.20587
2013-12-17 08:10:00,397.58102,430.90173,397.58102,401.03424,397.58102,388.52798
2013-12-17 08:20:00,489.18375,405.96024,489.18375,426.36438,489.18375,413.4981
2013-12-17 08:30:00,534.2422,595.086,534.2422,485.91852,534.2422,476.3952
2013-12-17 08:40:00,660.0387,687.16943,660.0387,546.5536,660.0387,534.59625
2013-12-17 08:50:00,617.42114,688.67957,617.42114,644.6656,617.42114,635.76184
2013-12-17 09:00:00,824.71655,739.0951,824.71655,687.5973,824.71655,668.40643
2013-12-17 09:10:00,862.9117,862.98773,862.9117,808.6664,862.9117,800.30664
2013-12-17 09:20:00,903.38446,821.1384,903.38446,902.19183,903.38446,887.03467
2013-12-17 09:30:00,993.2106,974.37274,993.2106,975.33624,993.2106,955.77765
2013-12-17 09:40:00,1057.9623,972.7567,1057.9623,1056.6078,1057.9623,1038.1627
2013-12-17 09:50:00,1036.0688,1031.6727,1036.0688,1128.5858,1036.0688,1109.6486
2013-12-17 10:00:00,1217.5115,1076.3125,1217.5115,1153.1,1217.5115,1128.7515
2013-12-17 10:10:00,1188.2633,1077.52,1188.2633,1243.9652,1188.2633,1231.2354
2013-12-17 10:20:00,1214.9235,1217.1237,1214.9235,1278.6182,1214.9235,1257.6559
2013-12-17 10:30:00,1532.3738,1344.3177,1532.3738,1303.3732,1532.3738,1282.9347
2013-12-17 10:40:00,1466.2655,1628.8387,1466.2655,1463.3015,1466.2655,1462.4438
2013-12-17 10:50:00,1664.7877,1488.1631,1664.7877,1530.4055,1664.7877,1510.5974
2013-12-17 11:00:00,1818.2194,1625.5378,1818.2194,1658.4171,1818.2194,1648.6498
2013-12-17 11:10:00,1694.5822,1863.796,1694.5822,1810.0409,1694.5822,1800.5287
2013-12-17 11:20:00,1874.4421,1791.4567,1874.4421,1835.1357,1874.4421,1807.226
2013-12-17 11:30:00,2035.2654,2134.203,2035.2654,1923.1139,2035.2654,1910.2361
2013-12-17 11:40:00,2138.9644,2060.5798,2138.9644,2044.5414,2138.9644,2036.2805
2013-12-17 11:50:00,2250.6003,1961.0824,2250.6003,2159.6038,2250.6003,2146.4822
2013-12-17 12:00:00,2388.473,2328.4756,2388.473,2272.0505,2388.473,2257.052
2013-12-17 12:10:00,2460.7341,2467.623,2460.7341,2399.2593,2460.7341,2384.18
2013-12-17 12:20:00,2415.1035,2281.0857,2415.1035,2498.159,2415.1035,2479.7832
2013-12-17 12:30:00,2763.068,2538.7627,2763.068,2520.645,2763.068,2495.8323
2013-12-17 12:40:00,2744.7373,2802.3025,2744.7373,2695.4583,2744.7373,2693.9932
2013-12-17 12:50:00,2774.4429,2576.2834,2774.4429,2777.3342,2774.4429,2759.4797
2013-12-17 13:00:00,3062.4578,2912.98,3062.4578,2830.2805,3062.4578,2808.3047
2013-12-17 13:10:00,3291.7275,3101.104,3291.7275,2992.0676,3291.7275,2985.8042
2013-12-17 13:20:00,3444.106,3256.5986,3444.106,3187.7249,3444.106,3181.682
2013-12-17 13:30:00,3373.3855,3701.8574,3373.3855,3372.14,3373.3855,3357.5476
2013-12-17 13:40:00,3342.427,3625.4175,3342.427,3434.9482,3342.427,3402.7417
2013-12-17 13:50:00,3505.4324,3380.8694,3505.4324,3439.9707,3505.4324,3409.3008
2013-12-17 14:00:00,3803.9375,3357.2185,3803.9375,3505.1162,3803.9375,3492.4438
2013-12-17 14:10:00,3543.5134,3474.0952,3543.5134,3676.3364,3543.5134,3676.5298
2013-12-17 14:20:00,3208.6392,3481.842,3208.6392,3630.457,3208.6392,3593.9375
2013-12-17 14:30:00,3234.5732,3195.0098,3234.5732,3418.838,3234.5732,3370.0876
2013-12-17 14:40:00,3110.6792,3023.475,3110.6792,3293.6274,3110.6792,3274.0354
2013-12-17 14:50:00,3139.6963,2932.7039,3139.6963,3140.9514,3139.6963,3123.7166
2013-12-17 15:00:00,2945.2466,2991.797,2945.2466,3056.2344,2945.2466,3049.5813
2013-12-17 15:10:00,2766.0857,3100.4556,2766.0857,2911.9983,2766.0857,2891.8372
2013-12-17 15:20:00,3100.932,2774.9146,3100.932,2743.4465,3100.932,2719.4822
2013-12-17 15:30:00,3517.678,3224.7314,3517.678,2815.9895,3517.678,2825.1348
2013-12-17 15:40:00,3524.895,3247.8416,3524.895,3079.8203,3524.895,3099.0288
2013-12-17 15:50:00,3358.1033,3268.4917,3358.1033,3260.1155,3358.1033,3248.7368
2013-12-17 16:00:00,3876.9597,3603.4468,3876.9597,3301.67,3876.9597,3268.0725
2013-12-17 16:10:00,3759.038,3631.9233,3759.038,3597.7253,3759.038,3603.8345
2013-12-17 16:20:00,3837.1492,3557.6106,3837.1492,3707.4912,3837.1492,3683.3953
2013-12-17 16:30:00,3774.914,3860.3218,3774.914,3800.5876,3774.914,3780.2112
2013-12-17 16:40:00,3495.1526,3619.21,3495.1526,3810.9575,3495.1526,3785.2478
2013-12-17 16:50:00,3764.5986,3570.0051,3764.5986,3657.7659,3764.5986,3619.0347
2013-12-17 17:00:00,3746.0464,3544.8435,3746.0464,3685.9028,3746.0464,3683.958
2013-12-17 17:10:00,3641.88,3738.9429,3641.88,3673.3352,3641.88,3661.6338
2013-12-17 17:20:00,3795.984,3551.61,3795.984,3601.6282,3795.984,3579.0554
2013-12-17 17:30:00,3566.9692,3482.3801,3566.9692,3636.8665,3566.9692,3628.6655
2013-12-17 17:40:00,3228.2769,3644.6992,3228.2769,3546.0256,3228.2769,3515.555
2013-12-17 17:50:00,3273.0974,3584.6926,3273.0974,3322.0076,3273.0974,3279.6223
2013-12-17 18:00:00,3197.3655,3127.877,3197.3655,3205.7708,3197.3655,3193.7454
2013-12-17 18:10:00,3225.8516,3124.9229,3225.8516,3106.5208,3225.8516,3096.5603
2013-12-17 18:20:00,2850.039,3214.236,2850.039,3064.3875,2850.039,3059.2014
2013-12-17 18:30:00,3065.798,3021.0798,3065.798,2861.7014,3065.798,2827.943
2013-12-17 18:40:00,2853.2896,2959.2568,2853.2896,2854.201,2853.2896,2851.9597
2013-12-17 18:50:00,2902.8008,2751.9116,2902.8008,2750.5388,2902.8008,2731.2334
2013-12-17 19:00:00,2814.6863,2749.762,2814.6863,2730.191,2814.6863,2721.4634
2013-12-17 19:10:00,2951.324,2755.6145,2951.324,2687.581,2951.324,2673.9897
2013-12-17 19:20:00,2730.4817,2637.5356,2730.4817,2741.057,2730.4817,2740.5286
2013-12-17 19:30:00,2447.7034,2578.0598,2447.7034,2679.7861,2447.7034,2657.7754
2013-12-17 19:40:00,2416.3674,2372.5217,2416.3674,2507.8882,2416.3674,2475.241
2013-12-17 19:50:00,2257.1748,2379.3792,2257.1748,2385.4546,2257.1748,2372.442
2013-12-17 20:00:00,2049.7354,2082.272,2049.7354,2238.0957,2049.7354,2224.965
2013-12-17 20:10:00,1769.0593,1954.8171,1769.0593,2051.546,1769.0593,2034.5706
2013-12-17 20:20:00,1671.0309,1778.9082,1671.0309,1807.9554,1671.0309,1784.7045
2013-12-17 20:30:00,1472.355,1581.0243,1472.355,1610.9852,1472.355,1601.8792
2013-12-17 20:40:00,1444.2585,1457.5355,1444.2585,1410.2855,1444.2585,1400.1665
2013-12-17 20:50:00,1219.8506,1403.9995,1219.8506,1284.701,1219.8506,1287.2468
2013-12-17 21:00:00,1171.9624,1224.4474,1171.9624,1122.1322,1171.9624,1117.367
2013-12-17 21:10:00,1066.5072,1028.0981,1066.5072,1017.51886,1066.5072,1023.5426
2013-12-17 21:20:00,1065.6753,1135.2999,1065.6753,929.12164,1065.6753,935.66473
2013-12-17 21:30:00,1107.4401,1001.77655,1107.4401,893.26434,1107.4401,906.59644
2013-12-17 21:40:00,1170.1951,1050.8942,1170.1951,910.926,1170.1951,929.8372
2013-12-17 21:50:00,881.85944,1067.1783,881.85944,977.86115,881.85944,996.8218
2013-12-17 22:00:00,747.4791,902.2472,747.4791,901.23956,747.4791,894.5235
2013-12-17 22:10:00,636.772,755.1429,636.772,793.0937,636.772,786.8344
2013-12-17 22:20:00,549.43256,727.3741,549.43256,671.2952,549.43256,670.4793
2013-12-17 22:30:00,636.7148,690.2105,636.7148,555.6754,636.7148,558.1628
2013-12-17 22:40:00,583.74817,569.6417,583.74817,527.3812,583.74817,541.4253
2013-12-17 22:50:00,538.8654,852.98126,538.8654,498.98605,538.8654,505.30637
2013-12-17 23:00:00,543.96155,484.55222,543.96155,468.69336,543.96155,471.90784
2013-12-17 23:10:00,439.51578,436.45093,439.51578,464.12668,439.51578,470.1854
2013-12-17 23:20:00,424.59024,482.70697,424.59024,422.44855,424.59024,424.42596
2013-12-17 23:30:00,452.19907,479.06113,452.19907,397.52853,452.19907,403.65512
2013-12-17 23:40:00,361.02264,189.79353,361.02264,404.85715,361.02264,413.37704
2013-12-17 23:50:00,371.86603,332.62933,371.86603,376.85635,371.86603,373.7709
2013-12-18 00:00:00,434.7364,365.40054,434.7364,361.97958,434.7364,360.0117
2013-12-18 00:10:00,406.53528,295.74902,406.53528,385.24304,406.53528,386.80603
2013-12-18 00:20:00,314.7144,474.36053,314.7144,392.07413,314.7144,388.73962
2013-12-18 00:30:00,311.52432,297.4802,311.52432,355.51254,311.52432,346.6324
2013-12-18 00:40:00,268.64502,286.94864,268.64502,333.67886,268.64502,327.81772
2013-12-18 00:50:00,269.08862,260.35468,269.08862,300.2079,269.08862,293.5543
2013-12-18 01:00:00,303.09613,267.23282,303.09613,279.35947,303.09613,274.57333
2013-12-18 01:10:00,274.72974,210.44556,274.72974,285.4463,274.72974,282.1288
2013-12-18 01:20:00,234.28204,276.25208,234.28204,278.33505,234.28204,271.5371
2013-12-18 01:30:00,258.46707,211.4712,258.46707,257.42438,258.46707,248.31418
2013-12-18 01:40:00,235.9508,197.02277,235.9508,258.2606,235.9508,252.19852
2013-12-18 01:50:00,214.01556,245.48242,214.01556,249.51059,214.01556,242.8255
2013-12-18 02:00:00,244.06613,243.18932,244.06613,236.07004,244.06613,228.72906
2013-12-18 02:10:00,221.39583,225.61609,221.39583,245.10333,221.39583,239.2816
2013-12-18 02:20:00,390.53134,236.08627,390.53134,242.53088,390.53134,232.98764
2013-12-18 02:30:00,385.1137,285.02136,385.1137,321.33426,385.1137,321.44302
2013-12-18 02:40:00,443.73373,295.34924,443.73373,376.86526,443.73373,368.42984
2013-12-18 02:50:00,424.52182,379.43298,424.52182,442.05844,424.52182,432.5985
2013-12-18 03:00:00,514.8599,391.2328,514.8599,475.74533,514.8599,460.98492
2013-12-18 03:10:00,243.27391,414.12036,243.27391,538.23267,243.27391,527.1094
2013-12-18 03:20:00,216.10474,347.4538,216.10474,444.52042,216.10474,412.25754
2013-12-18 03:30:00,226.1257,300.15167,226.1257,355.7873,226.1257,332.96228
2013-12-18 03:40:00,232.07373,251.38794,232.07373,294.4795,232.07373,280.5731
2013-12-18 03:50:00,208.05132,263.4128,208.05132,253.62276,208.05132,243.10535
2013-12-18 04:00:00,225.40233,241.45828,225.40233,216.02711,225.40233,205.39174
2013-12-18 04:10:00,227.49486,187.98964,227.49486,203.61931,227.49486,196.64186
2013-12-18 04:20:00,215.54005,244.24669,215.54005,201.84712,215.54005,197.90102
2013-12-18 04:30:00,227.6982,214.07414,227.6982,205.28151,227.6982,201.02924
2013-12-18 04:40:00,220.47952,196.09837,220.47952,218.38591,220.47952,215.66347
2013-12-18 04:50:00,219.93323,250.57794,219.93323,229.47696,219.93323,224.59607
2013-12-18 05:00:00,234.73874,232.11041,234.73874,238.74867,234.73874,231.72504
2013-12-18 05:10:00,256.21884,212.74971,256.21884,255.53505,256.21884,245.0099
2013-12-18 05:20:00,246.57613,256.18546,246.57613,271.12143,246.57613,260.86246
2013-12-18 05:30:00,248.08905,236.05669,248.08905,276.79474,248.08905,264.61536
2013-12-18 05:40:00,257.0533,232.03473,257.0533,281.0875,257.0533,268.62766
2013-12-18 05:50:00,243.37932,257.5254,243.37932,287.70724,243.37932,275.60892
2013-12-18 06:00:00,263.1779,242.33218,263.1779,284.31882,263.1779,271.26285
2013-12-18 06:10:00,227.68663,227.5411,227.68663,290.75464,227.68663,279.19843
2013-12-18 06:20:00,237.63649,261.20944,237.63649,277.60025,237.63649,263.23242
2013-12-18 06:30:00,320.8879,268.18082,320.8879,271.7347,320.8879,259.37238
2013-12-18 06:40:00,246.09839,283.21643,246.09839,307.62457,246.09839,300.54947
2013-12-18 06:50:00,260.01495,307.40256,260.01495,297.3913,260.01495,282.25595
2013-12-18 07:00:00,350.64963,287.6831,350.64963,295.51245,350.64963,282.77124
2013-12-18 07:10:00,396.91443,313.30283,396.91443,337.49762,396.91443,331.0176
2013-12-18 07:20:00,404.74667,381.93756,404.74667,389.8221,404.74667,381.74622
2013-12-18 07:30:00,444.64056,429.88107,444.64056,428.63782,444.64056,416.1446
2013-12-18 07:40:00,383.8241,395.38135,383.8241,471.80893,383.8241,459.0737
2013-12-18 07:50:00,396.3336,421.19458,396.3336,468.67038,396.3336,449.6401
2013-12-18 08:00:00,413.65237,448.0162,413.65237,466.2421,413.65237,449.99203
2013-12-18 08:10:00,642.7808,453.4128,642.7808,468.34943,642.7808,453.9583
2013-12-18 08:20:00,541.2099,629.7924,541.2099,575.34607,541.2099,574.0368
2013-12-18 08:30:00,618.90344,623.4237,618.90344,599.1775,618.90344,580.93866
2013-12-18 08:40:00,646.4804,754.2297,646.4804,649.22015,646.4804,633.695
2013-12-18 08:50:00,736.52924,654.74634,736.52924,689.69165,736.52924,674.86304
2013-12-18 09:00:00,844.3093,906.15906,844.3093,754.961,844.3093,744.79333
2013-12-18 09:10:00,899.5496,905.4528,899.5496,847.6274,899.5496,838.94293
2013-12-18 09:20:00,958.5369,950.682,958.5369,931.4658,958.5369,917.9216
2013-12-18 09:30:00,1156.951,1037.032,1156.951,1007.8791,1156.951,991.5193
2013-12-18 09:40:00,1070.9885,1157.9845,1070.9885,1146.1816,1070.9885,1136.2783
2013-12-18 09:50:00,1130.0845,1087.3442,1130.0845,1185.1248,1130.0845,1159.9703
2013-12-18 10:00:00,1296.178,1294.9818,1296.178,1225.6516,1296.178,1205.1302
2013-12-18 10:10:00,1440.553,1256.8745,1440.553,1319.9609,1440.553,1310.323
2013-12-18 10:20:00,1529.7799,1369.3673,1529.7799,1446.0878,1529.7799,1435.5371
2013-12-18 10:30:00,1691.0552,1744.6323,1691.0552,1558.4332,1691.0552,1542.9219
2013-12-18 10:40:00,1911.0961,1650.6615,1911.0961,1699.4156,1911.0961,1685.7593
2013-12-18 10:50:00,1785.5616,1963.619,1785.5616,1886.0448,1785.5616,1876.6573
2013-12-18 11:00:00,2071.8499,2019.0839,2071.8499,1931.7848,2071.8499,1901.4862
2013-12-18 11:10:00,2104.384,1929.5935,2104.384,2084.7822,2104.384,2074.7344
2013-12-18 11:20:00,2088.5828,2170.5684,2088.5828,2181.2058,2088.5828,2162.9797
2013-12-18 11:30:00,2219.114,2289.4976,2219.114,2216.1216,2219.114,2191.1873
2013-12-18 11:40:00,2249.7117,2358.294,2249.7117,2285.8123,2249.7117,2268.4229
2013-12-18 11:50:00,2448.1501,2417.4795,2448.1501,2323.7756,2448.1501,2304.3618
2013-12-18 12:00:00,2599.8909,2568.8508,2599.8909,2429.5078,2599.8909,2420.7039
2013-12-18 12:10:00,2445.932,2647.3892,2445.932,2559.894,2445.932,2550.4683
2013-12-18 12:20:00,2537.695,2508.2197,2537.695,2554.452,2537.695,2523.9624
2013-12-18 12:30:00,2588.7942,2874.369,2588.7942,2583.0098,2588.7942,2565.2598
2013-12-18 12:40:00,2524.9182,2718.9014,2524.9182,2614.211,2524.9182,2601.0059
2013-12-18 12:50:00,2801.2405,2677.1245,2801.2405,2592.8755,2801.2405,2572.7
2013-12-18 13:00:00,2847.3315,3019.686,2847.3315,2702.1738,2847.3315,2703.2778
2013-12-18 13:10:00,3144.238,3168.9814,3144.238,2789.3027,3144.238,2779.082
2013-12-18 13:20:00,3527.2244,3321.3083,3527.2244,2984.5562,3527.2244,2982.9348
2013-12-18 13:30:00,3725.421,3340.2046,3725.421,3289.2046,3725.421,3292.2332
2013-12-18 13:40:00,3822.5183,3478.0005,3822.5183,3569.1096,3822.5183,3556.501
2013-12-18 13:50:00,3866.7158,3780.5955,3866.7158,3775.6958,3866.7158,3750.5752
2013-12-18 14:00:00,3877.3699,4106.3433,3877.3699,3906.7969,3877.3699,3876.9363
2013-12-18 14:10:00,3581.2974,3736.7046,3581.2974,3968.3423,3581.2974,3938.6387
2013-12-18 14:20:00,3756.3367,3336.5815,3756.3367,3824.0864,3756.3367,3779.7075
2013-12-18 14:30:00,3436.1636,3548.3396,3436.1636,3800.6133,3436.1636,3790.3264
2013-12-18 14:40:00,3591.0415,3350.38,3591.0415,3598.6887,3591.0415,3566.4102
2013-12-18 14:50:00,3316.7224,3498.2842,3316.7224,3536.969,3316.7224,3531.3943
2013-12-18 15:00:00,3167.509,3193.9792,3167.509,3353.1267,3167.509,3325.4812
2013-12-18 15:10:00,3138.919,3018.7043,3138.919,3164.5303,3138.919,3139.2324
2013-12-18 15:20:00,3047.273,3388.6047,3047.273,3040.8933,3047.273,3027.4258
2013-12-18 15:30:00,3150.5264,3650.0076,3150.5264,2932.0803,3150.5264,2917.991
2013-12-18 15:40:00,2938.9463,3440.235,2938.9463,2931.0024,2938.9463,2928.2988
2013-12-18 15:50:00,3039.379,3062.123,3039.379,2840.0718,3039.379,2818.297
2013-12-18 16:00:00,3118.2083,3587.8145,3118.2083,2849.2053,3118.2083,2841.833
2013-12-18 16:10:00,3213.4922,3257.4724,3213.4922,2907.2183,3213.4922,2902.4854
2013-12-18 16:20:00,3012.9036,3349.1487,3012.9036,2998.0771,3012.9036,2993.4731
2013-12-18 16:30:00,2953.8875,3131.137,2953.8875,2967.297,2953.8875,2941.1074
2013-12-18 16:40:00,2920.7847,2807.653,2920.7847,2920.2131,2920.7847,2899.8564
2013-12-18 16:50:00,2932.362,3132.9585,2932.362,2879.8894,2932.362,2865.4336
2013-12-18 17:00:00,3075.2095,3038.223,3075.2095,2857.379,3075.2095,2848.2485
2013-12-18 17:10:00,3023.2144,2971.8523,3023.2144,2913.8726,3023.2144,2913.4475
2013-12-18 17:20:00,2955.8096,3156.1248,2955.8096,2925.3987,2955.8096,2911.6865
2013-12-18 17:30:00,2909.414,2852.0254,2909.414,2900.8015,2909.414,2880.9346
2013-12-18 17:40:00,2701.2969,2559.8875,2701.2969,2866.3372,2701.2969,2847.2073
2013-12-18 17:50:00,2824.2446,2674.8936,2824.2446,2738.9277,2824.2446,2712.5696
2013-12-18 18:00:00,2610.1592,2677.125,2610.1592,2723.7888,2610.1592,2720.055
2013-12-18 18:10:00,2438.9463,2680.5554,2438.9463,2611.9436,2438.9463,2592.9302
2013-12-18 18:20:00,2638.442,2213.1711,2638.442,2463.4546,2638.442,2441.0166
2013-12-18 18:30:00,2572.8606,2638.1863,2572.8606,2469.8904,2572.8606,2472.8745
2013-12-18 18:40:00,2564.8267,2384.0366,2564.8267,2448.447,2564.8267,2440.5754
2013-12-18 18:50:00,2356.0193,2540.7822,2356.0193,2440.812,2356.0193,2430.9714
2013-12-18 19:00:00,2361.8774,2358.0222,2361.8774,2343.1372,2361.8774,2320.8477
2013-12-18 19:10:00,2249.49,2525.4714,2249.49,2295.5227,2249.49,2285.6113
2013-12-18 19:20:00,2056.9507,2175.0413,2056.9507,2216.8762,2056.9507,2205.1582
2013-12-18 19:30:00,2078.2659,1870.6688,2078.2659,2078.8372,2078.2659,2061.2622
2013-12-18 19:40:00,2282.8704,1934.8502,2282.8704,2007.9138,2282.8704,2003.6077
2013-12-18 19:50:00,2069.832,1939.6467,2069.832,2068.896,2069.832,2080.869
2013-12-18 20:00:00,1856.3398,1784.3135,1856.3398,2018.2815,1856.3398,2003.6371
2013-12-18 20:10:00,1593.6848,1544.4573,1593.6848,1887.8647,1593.6848,1864.1499
2013-12-18 20:20:00,1380.7185,1467.6149,1380.7185,1680.7792,1380.7185,1657.2698
2013-12-18 20:30:00,1368.4242,1235.2368,1368.4242,1455.1935,1368.4242,1439.2112
2013-12-18 20:40:00,1136.7921,1273.9081,1136.7921,1311.3748,1136.7921,1314.1721
2013-12-18 20:50:00,1057.0448,984.01685,1057.0448,1121.1221,1057.0448,1114.7228
2013-12-18 21:00:00,952.5083,983.6485,952.5083,971.27924,952.5083,971.47095
2013-12-18 21:10:00,885.5504,857.78516,885.5504,844.21375,885.5504,846.2515
2013-12-18 21:20:00,945.30396,881.34015,945.30396,749.84344,945.30396,756.384
2013-12-18 21:30:00,955.2644,948.7008,955.2644,737.85376,955.2644,757.1008
2013-12-18 21:40:00,908.50287,1019.2163,908.50287,763.0391,908.50287,783.9262
2013-12-18 21:50:00,948.1962,682.2519,948.1962,786.6402,948.1962,799.62256
2013-12-18 22:00:00,824.9544,676.65314,824.9544,836.1206,824.9544,848.93115
2013-12-18 22:10:00,795.2902,619.3247,795.2902,819.9296,795.2902,820.17676
2013-12-18 22:20:00,611.88983,614.971,611.88983,797.35785,611.88983,797.955
2013-12-18 22:30:00,578.9331,689.4737,578.9331,695.52637,578.9331,686.9864
2013-12-18 22:40:00,579.75836,592.0906,579.75836,614.3316,579.75836,610.6539
2013-12-18 22:50:00,505.07068,540.9445,505.07068,560.60736,505.07068,562.0042
2013-12-18 23:00:00,457.73096,530.1145,457.73096,495.28058,457.73096,492.83047
2013-12-18 23:10:00,554.7294,394.05417,554.7294,435.17896,554.7294,433.56662
2013-12-18 23:20:00,463.84952,454.12595,463.84952,450.03766,463.84952,459.4683
2013-12-18 23:30:00,405.31708,477.21243,405.31708,431.29294,405.31708,432.62094
2013-12-18 23:40:00,362.23328,357.8474,362.23328,400.37753,362.23328,399.52332
2013-12-18 23:50:00,315.83978,369.80612,315.83978,365.61502,315.83978,365.68216
2013-12-19 00:00:00,274.1597,408.28818,274.1597,327.6841,274.1597,326.39075
2013-12-19 00:10:00,267.61264,321.97592,267.61264,285.26395,267.61264,283.0553
2013-12-19 00:20:00,269.4348,211.0572,269.4348,258.71518,269.4348,256.70493
2013-12-19 00:30:00,251.59937,235.32137,251.59937,244.16321,251.59937,243.19165
2013-12-19 00:40:00,241.11076,198.99184,241.11076,232.48056,241.11076,230.14117
2013-12-19 00:50:00,217.61388,220.11583,217.61388,226.47633,217.61388,223.27907
2013-12-19 01:00:00,203.93837,251.48055,203.93837,215.65727,203.93837,211.74913
2013-12-19 01:10:00,204.19022,203.99617,204.19022,205.88501,204.19022,202.59787
2013-12-19 01:20:00,169.83192,165.5437,169.83192,206.29866,169.83192,201.91617
2013-12-19 01:30:00,162.9695,192.12181,162.9695,191.92667,162.9695,184.20631
2013-12-19 01:40:00,188.53651,157.70868,188.53651,180.13284,188.53651,172.21347
2013-12-19 01:50:00,145.82474,151.88048,145.82474,186.10529,145.82474,179.73216
2013-12-19 02:00:00,147.1228,178.18806,147.1228,172.00313,147.1228,161.65771
2013-12-19 02:10:00,160.85327,144.08607,160.85327,163.90831,160.85327,154.76704
2013-12-19 02:20:00,167.06288,322.1536,167.06288,167.18997,167.06288,159.42928
2013-12-19 02:30:00,144.11838,247.24904,144.11838,175.05435,144.11838,166.67216
2013-12-19 02:40:00,168.72066,268.69397,168.72066,171.13858,168.72066,160.14539
2013-12-19 02:50:00,163.0736,207.2747,163.0736,181.0169,163.0736,171.53331
2013-12-19 03:00:00,140.6902,286.14108,140.6902,185.92899,140.6902,175.03673
2013-12-19 03:10:00,169.9931,0.0,169.9931,178.84131,169.9931,165.9682
2013-12-19 03:20:00,146.30841,35.207577,146.30841,187.90247,146.30841,177.1715
2013-12-19 03:30:00,139.73344,85.301994,139.73344,182.5759,139.73344,169.61209
2013-12-19 03:40:00,157.53612,122.815384,157.53612,175.36194,157.53612,162.43275
2013-12-19 03:50:00,149.2089,110.97207,149.2089,179.50267,149.2089,167.82657
2013-12-19 04:00:00,137.03987,149.36241,137.03987,177.8194,137.03987,165.36969
2013-12-19 04:10:00,161.42363,144.05392,161.42363,171.0724,161.42363,158.08334
2013-12-19 04:20:00,149.15988,143.82104,149.15988,178.5442,149.15988,167.59874
2013-12-19 04:30:00,137.69418,157.02898,137.69418,178.70561,137.69418,166.14282
2013-12-19 04:40:00,167.33061,143.65463,167.33061,172.84543,167.33061,159.83827
2013-12-19 04:50:00,163.06259,154.73337,163.06259,183.54509,163.06259,172.71318
2013-12-19 05:00:00,148.12737,173.45622,148.12737,189.32112,148.12737,177.05246
2013-12-19 05:10:00,192.28413,184.64342,192.28413,185.53903,192.28413,172.02408
2013-12-19 05:20:00,164.71341,180.40169,164.71341,204.3209,164.71341,193.57494
2013-12-19 05:30:00,144.27452,174.94896,144.27452,203.79799,144.27452,189.81213
2013-12-19 05:40:00,199.8322,172.49112,199.8322,192.51851,199.8322,177.68382
2013-12-19 05:50:00,156.3342,172.85081,156.3342,210.71829,156.3342,200.35634
2013-12-19 06:00:00,143.32224,184.94818,143.32224,202.533,143.32224,187.78343
2013-12-19 06:10:00,201.51146,133.55731,201.51146,189.18709,201.51146,174.61415
2013-12-19 06:20:00,182.49237,176.19983,182.49237,207.71826,182.49237,197.7959
2013-12-19 06:30:00,133.89032,260.05673,133.89032,211.8396,133.89032,198.90007
2013-12-19 06:40:00,189.73953,131.29471,189.73953,190.7131,189.73953,174.76556
2013-12-19 06:50:00,187.93494,177.23041,187.93494,202.47467,187.93494,192.12343
2013-12-19 07:00:00,209.46092,269.10226,209.46092,210.32085,209.46092,198.81139
2013-12-19 07:10:00,197.42627,292.77213,197.42627,225.71855,197.42627,214.72464
2013-12-19 07:20:00,212.6369,259.89362,212.6369,231.71207,212.6369,218.13249
2013-12-19 07:30:00,216.06082,284.68124,216.06082,241.5592,216.06082,228.79251
2013-12-19 07:40:00,261.43173,195.39223,261.43173,248.69545,261.43173,236.01125
2013-12-19 07:50:00,296.271,244.18462,296.271,275.63892,296.271,264.56906
2013-12-19 08:00:00,342.76184,282.91248,342.76184,309.12622,342.76184,297.8778
2013-12-19 08:10:00,346.69257,542.42145,346.69257,352.94937,346.69257,341.784
2013-12-19 08:20:00,422.2298,351.35556,422.2298,384.4858,422.2298,369.44217
2013-12-19 08:30:00,488.4608,474.42462,488.4608,438.3758,488.4608,425.85495
2013-12-19 08:40:00,604.7331,501.25156,604.7331,502.5155,604.7331,490.64816
2013-12-19 08:50:00,607.37067,646.4548,607.37067,599.3964,607.37067,588.9546
2013-12-19 09:00:00,717.09607,729.8931,717.09607,661.4642,717.09607,643.33026
2013-12-19 09:10:00,744.41266,788.5433,744.41266,748.7011,744.41266,733.2111
2013-12-19 09:20:00,885.86914,825.1996,885.86914,811.89734,885.86914,792.5323
2013-12-19 09:30:00,956.97504,1058.0138,956.97504,912.6137,956.97504,898.2044
2013-12-19 09:40:00,974.42224,922.6098,974.42224,1004.5829,974.42224,987.34216
2013-12-19 09:50:00,1099.8969,1015.57764,1099.8969,1063.7252,1099.8969,1041.2213
2013-12-19 10:00:00,1223.0265,1214.0887,1223.0265,1151.2542,1223.0265,1134.059
2013-12-19 10:10:00,1343.774,1365.5219,1343.774,1257.5504,1343.774,1242.2253
2013-12-19 10:20:00,1372.3713,1444.6025,1372.3713,1374.0096,1372.3713,1358.7966
2013-12-19 10:30:00,1541.0254,1576.6965,1541.0254,1452.8591,1541.0254,1431.5083
2013-12-19 10:40:00,1538.6102,1784.2502,1538.6102,1573.0682,1538.6102,1558.836
2013-12-19 10:50:00,1767.8145,1550.8588,1767.8145,1637.8767,1767.8145,1615.316
2013-12-19 11:00:00,1720.5001,1948.698,1720.5001,1775.5151,1720.5001,1765.1902
2013-12-19 11:10:00,1655.2976,1865.5924,1655.2976,1828.3103,1655.2976,1804.533
2013-12-19 11:20:00,1764.8962,1779.258,1764.8962,1813.152,1764.8962,1784.7692
2013-12-19 11:30:00,1819.6342,1904.3988,1819.6342,1841.5454,1819.6342,1825.7998
2013-12-19 11:40:00,2052.6956,1906.8842,2052.6956,1872.6936,2052.6956,1858.9277
2013-12-19 11:50:00,2101.9968,2178.2415,2101.9968,1994.883,2101.9968,1992.4978
2013-12-19 12:00:00,2135.1353,2294.5542,2135.1353,2090.744,2135.1353,2078.6516
2013-12-19 12:10:00,2269.4614,2082.1611,2269.4614,2160.9553,2269.4614,2143.4858
2013-12-19 12:20:00,2298.473,2266.5635,2298.473,2263.0586,2298.473,2251.648
2013-12-19 12:30:00,2442.7434,2328.7903,2442.7434,2330.8801,2442.7434,2316.2605
2013-12-19 12:40:00,2534.7808,2325.5625,2534.7808,2435.6653,2534.7808,2426.8667
2013-12-19 12:50:00,2562.879,2692.0635,2562.879,2534.073,2562.879,2523.7622
2013-12-19 13:00:00,2649.3838,2678.7698,2649.3838,2600.5876,2649.3838,2582.9482
2013-12-19 13:10:00,3079.7336,2972.874,3079.7336,2669.3687,3079.7336,2653.3047
2013-12-19 13:20:00,2879.3525,3403.2173,2879.3525,2910.8545,2879.3525,2916.9658
2013-12-19 13:30:00,3051.9824,3366.4084,3051.9824,2949.3206,3051.9824,2918.8462
2013-12-19 13:40:00,3203.688,3351.1877,3203.688,3046.2156,3203.688,3029.63
2013-12-19 13:50:00,3184.9202,3335.865,3184.9202,3169.0984,3184.9202,3157.5203
2013-12-19 14:00:00,3255.8198,3296.7563,3255.8198,3219.2537,3255.8198,3197.3093
2013-12-19 14:10:00,3134.402,2994.6514,3134.402,3269.2214,3134.402,3251.0295
2013-12-19 14:20:00,3258.1519,3245.2256,3258.1519,3223.897,3258.1519,3195.7012
2013-12-19 14:30:00,3144.569,2934.6614,3144.569,3242.6777,3144.569,3230.1606
2013-12-19 14:40:00,3201.7524,3197.5996,3201.7524,3185.0269,3201.7524,3162.2107
2013-12-19 14:50:00,2828.0125,2921.8699,2828.0125,3169.0793,2828.0125,3154.659
2013-12-19 15:00:00,3105.1987,2745.4993,3105.1987,2964.317,3105.1987,2925.2014
2013-12-19 15:10:00,2825.0269,2885.6519,2825.0269,2972.696,2825.0269,2973.4175
2013-12-19 15:20:00,2680.8604,2758.052,2680.8604,2842.7727,2680.8604,2817.7874
2013-12-19 15:30:00,2901.1643,2843.8037,2901.1643,2689.649,2901.1643,2665.918
2013-12-19 15:40:00,2752.3262,2659.0603,2752.3262,2710.1204,2752.3262,2713.611
2013-12-19 15:50:00,2739.1606,2807.817,2739.1606,2658.7515,2739.1606,2644.3472
2013-12-19 16:00:00,2807.927,2855.726,2807.927,2629.5269,2807.927,2616.628
2013-12-19 16:10:00,2584.6472,2940.2925,2584.6472,2655.6301,2584.6472,2649.3357
2013-12-19 16:20:00,2495.2998,2583.0154,2495.2998,2567.8442,2495.2998,2544.9053
2013-12-19 16:30:00,2745.7068,2508.589,2745.7068,2478.3591,2745.7068,2460.378
2013-12-19 16:40:00,2450.8027,2583.7078,2450.8027,2549.9468,2450.8027,2558.0825
2013-12-19 16:50:00,2718.5146,2537.4675,2718.5146,2457.0107,2718.5146,2434.2905
2013-12-19 17:00:00,2651.8245,2777.88,2651.8245,2530.9429,2651.8245,2535.2605
2013-12-19 17:10:00,2449.5356,2661.936,2449.5356,2555.6223,2449.5356,2544.9219
2013-12-19 17:20:00,2364.177,2519.9783,2364.177,2471.637,2364.177,2445.859
2013-12-19 17:30:00,2622.1045,2411.0898,2622.1045,2377.0215,2622.1045,2358.833
2013-12-19 17:40:00,2355.841,2314.59,2355.841,2451.2703,2355.841,2459.572
2013-12-19 17:50:00,2382.0017,2450.491,2382.0017,2368.1875,2382.0017,2348.6953
2013-12-19 18:00:00,2420.4246,2220.2249,2420.4246,2332.6218,2420.4246,2322.1733
2013-12-19 18:10:00,2299.2363,2144.3738,2299.2363,2333.9587,2299.2363,2327.9014
2013-12-19 18:20:00,2240.3677,2412.7048,2240.3677,2275.4048,2240.3677,2260.0679
2013-12-19 18:30:00,2492.787,2272.1172,2492.787,2212.1155,2492.787,2199.4531
2013-12-19 18:40:00,2202.0068,2377.1833,2202.0068,2305.9841,2202.0068,2313.9885
2013-12-19 18:50:00,2133.3738,2078.7522,2133.3738,2223.0232,2133.3738,2202.0913
2013-12-19 19:00:00,2326.3213,2131.2632,2326.3213,2146.2888,2326.3213,2129.2842
2013-12-19 19:10:00,1970.2568,2097.2869,1970.2568,2194.2563,1970.2568,2198.171
2013-12-19 19:20:00,1808.8307,1851.9022,1808.8307,2050.6685,1808.8307,2024.9369
2013-12-19 19:30:00,1778.7732,1861.7234,1778.7732,1881.7372,1778.7732,1861.0328
2013-12-19 19:40:00,1635.7878,2032.0654,1635.7878,1767.2856,1635.7878,1759.9061
2013-12-19 19:50:00,1787.2637,1649.6578,1787.2637,1625.9823,1787.2637,1617.3098
2013-12-19 20:00:00,1440.8885,1519.3533,1440.8885,1619.2521,1440.8885,1628.5168
2013-12-19 20:10:00,1445.5645,1213.5294,1445.5645,1462.252,1445.5645,1443.5417
2013-12-19 20:20:00,1165.559,1125.2798,1165.559,1372.8448,1165.559,1369.048
2013-12-19 20:30:00,983.61755,1117.8303,983.61755,1192.994,983.61755,1180.5361
2013-12-19 20:40:00,1067.5725,841.3857,1067.5725,1006.37006,1067.5725,997.2142
2013-12-19 20:50:00,1064.6183,867.02496,1064.6183,933.25745,1064.6183,946.7695
2013-12-19 21:00:00,953.12775,847.1651,953.12775,903.49634,953.12775,919.26886
2013-12-19 21:10:00,991.1119,826.98334,991.1119,856.4103,991.1119,860.1988
2013-12-19 21:20:00,837.1152,958.93243,837.1152,855.42847,837.1152,864.80066
2013-12-19 21:30:00,743.8279,908.57544,743.8279,796.34686,743.8279,797.2306
2013-12-19 21:40:00,719.13165,796.5449,719.13165,726.0603,719.13165,728.0229
2013-12-19 21:50:00,640.9126,804.3352,640.9126,677.0146,640.9126,685.6334
2013-12-19 22:00:00,713.2597,612.6252,713.2597,622.7309,713.2597,626.5797
2013-12-19 22:10:00,645.8009,637.05646,645.8009,624.6564,645.8009,635.3601
2013-12-19 22:20:00,572.8274,453.11444,572.8274,606.58075,572.8274,607.55884
2013-12-19 22:30:00,602.1083,481.52472,602.1083,563.18805,602.1083,560.0862
2013-12-19 22:40:00,612.77606,530.2231,612.77606,552.68646,612.77606,557.1308
2013-12-19 22:50:00,511.6284,493.91376,511.6284,562.494,511.6284,567.83466
2013-12-19 23:00:00,441.11316,450.67697,441.11316,529.1464,441.11316,525.7225
2013-12-19 23:10:00,420.6894,544.98175,420.6894,475.55225,420.6894,470.68903
2013-12-19 23:20:00,422.76392,397.18475,422.76392,434.94598,422.76392,431.86978
2013-12-19 23:30:00,424.8138,356.7051,424.8138,410.27988,424.8138,409.4945
2013-12-19 23:40:00,384.16812,340.05344,384.16812,398.9323,384.16812,398.558
2013-12-19 23:50:00,292.0899,314.14282,292.0899,378.1667,292.0899,374.47476
2013-12-20 00:00:00,320.85486,260.0654,320.85486,324.14664,320.85486,316.8187
2013-12-20 00:10:00,295.0888,283.11377,295.0888,307.59888,295.0888,306.20737
2013-12-20 00:20:00,295.93073,285.6026,295.93073,288.98102,295.93073,286.89014
2013-12-20 00:30:00,256.09354,273.98145,256.09354,280.9338,256.09354,279.79657
2013-12-20 00:40:00,206.02028,252.65941,206.02028,263.10483,206.02028,258.56876
2013-12-20 00:50:00,217.92496,209.64252,217.92496,231.9186,217.92496,224.10397
2013-12-20 01:00:00,242.26108,199.94507,242.26108,217.72206,242.26108,213.02185
2013-12-20 01:10:00,174.30728,218.28801,174.30728,222.89447,174.30728,220.45663
2013-12-20 01:20:00,178.3625,162.24855,178.3625,198.70485,178.3625,190.71645
2013-12-20 01:30:00,175.14632,165.02594,175.14632,187.34503,175.14632,180.98846
2013-12-20 01:40:00,152.33878,192.30626,152.33878,181.88242,152.33878,175.32051
2013-12-20 01:50:00,180.40874,132.42957,180.40874,169.76279,180.40874,161.26228
2013-12-20 02:00:00,171.04825,155.94566,171.04825,175.56406,171.04825,169.8673
2013-12-20 02:10:00,161.85028,173.49196,161.85028,179.37982,161.85028,171.56758
2013-12-20 02:20:00,185.78027,174.8898,185.78027,179.51445,185.78027,170.17535
2013-12-20 02:30:00,189.96631,156.05922,189.96631,192.91287,189.96631,184.32309
2013-12-20 02:40:00,159.52864,195.02812,159.52864,204.9612,159.52864,195.09906
2013-12-20 02:50:00,174.6532,171.33762,174.6532,198.4019,174.6532,185.89935
2013-12-20 03:00:00,173.67648,152.12564,173.67648,201.2491,173.67648,190.24924
2013-12-20 03:10:00,210.40674,188.86589,210.40674,203.56241,210.40674,191.4898
2013-12-20 03:20:00,215.73897,174.37268,215.73897,221.01146,215.73897,210.87161
2013-12-20 03:30:00,178.25208,184.41017,178.25208,236.17657,178.25208,224.3286
2013-12-20 03:40:00,188.90144,197.21695,188.90144,228.27686,188.90144,212.80223
2013-12-20 03:50:00,167.10315,184.85768,167.10315,225.93187,167.10315,212.7676
2013-12-20 04:00:00,169.19829,163.33188,169.19829,213.8051,169.19829,199.82271
2013-12-20 04:10:00,178.6727,190.34131,178.6727,205.25128,178.6727,192.56683
2013-12-20 04:20:00,154.45125,171.02316,154.45125,203.46028,154.45125,192.01369
2013-12-20 04:30:00,164.45602,152.33308,164.45602,191.6048,164.45602,178.22829
2013-12-20 04:40:00,150.4502,186.69975,150.4502,188.41289,150.4502,176.38087
2013-12-20 04:50:00,157.78348,164.91826,157.78348,179.5898,157.78348,167.4297
2013-12-20 05:00:00,150.87732,148.12259,150.87732,178.12758,150.87732,167.36543
2013-12-20 05:10:00,154.2366,192.23543,154.2366,174.95436,154.2366,164.1378
2013-12-20 05:20:00,181.19868,147.72539,181.19868,176.21945,181.19868,165.42445
2013-12-20 05:30:00,191.88644,143.48143,191.88644,191.04688,191.88644,181.17296
2013-12-20 05:40:00,183.43315,218.31349,183.43315,206.55423,183.43315,195.87314
2013-12-20 05:50:00,154.46097,157.90862,154.46097,213.89795,154.46097,201.06947
2013-12-20 06:00:00,191.37866,144.66348,191.37866,204.04997,191.37866,189.3554
2013-12-20 06:10:00,142.15965,222.4223,142.15965,213.79308,142.15965,202.6412
2013-12-20 06:20:00,163.77124,165.3613,163.77124,197.0023,163.77124,181.78027
2013-12-20 06:30:00,186.41087,120.02283,186.41087,193.82419,186.41087,181.42389
2013-12-20 06:40:00,174.1565,202.96855,174.1565,202.72525,174.1565,191.57217
2013-12-20 06:50:00,208.78217,186.73663,208.78217,203.12247,208.78217,190.12079
2013-12-20 07:00:00,232.60472,219.54819,232.60472,220.12202,232.60472,209.11526
2013-12-20 07:10:00,239.04327,210.75294,239.04327,243.60469,239.04327,232.8673
2013-12-20 07:20:00,270.35873,238.91997,270.35873,262.9859,270.35873,250.9734
2013-12-20 07:30:00,315.4997,253.83904,315.4997,291.06567,315.4997,279.46744
2013-12-20 07:40:00,319.71826,325.71313,319.71826,330.9534,319.71826,319.62982
2013-12-20 07:50:00,377.85233,353.75845,377.85233,358.2525,377.85233,343.7098
2013-12-20 08:00:00,352.55075,411.41965,352.55075,400.83704,352.55075,388.07147
2013-12-20 08:10:00,383.3799,384.85846,383.3799,415.39175,383.3799,397.47528
2013-12-20 08:20:00,457.79138,462.46594,457.79138,433.79166,457.79138,417.87817
2013-12-20 08:30:00,519.1235,522.8078,519.1235,478.09735,519.1235,465.8566
2013-12-20 08:40:00,592.0156,638.30707,592.0156,534.68164,592.0156,522.14087
2013-12-20 08:50:00,682.51196,617.8871,682.51196,603.9202,682.51196,591.2468
2013-12-20 09:00:00,815.2566,758.7414,815.2566,690.6761,815.2566,678.1259
2013-12-20 09:10:00,893.1666,805.8463,893.1666,808.407,893.1666,797.4205
2013-12-20 09:20:00,951.8006,985.67523,951.8006,918.76935,951.8006,903.94366
2013-12-20 09:30:00,889.6657,1035.1422,889.6657,1012.1825,889.6657,993.72003
2013-12-20 09:40:00,1044.0208,989.2948,1044.0208,1032.8794,1044.0208,1005.53503
2013-12-20 09:50:00,1141.5233,1141.7251,1141.5233,1105.9644,1141.5233,1090.2107
2013-12-20 10:00:00,1331.022,1259.2859,1331.022,1190.133,1331.022,1174.714
2013-12-20 10:10:00,1221.182,1414.0815,1221.182,1325.0078,1221.182,1313.827
2013-12-20 10:20:00,1363.3949,1349.294,1363.3949,1349.4282,1363.3949,1320.5175
2013-12-20 10:30:00,1549.3873,1535.4065,1549.3873,1421.005,1549.3873,1403.1658
2013-12-20 10:40:00,1544.8607,1530.9407,1544.8607,1546.7139,1544.8607,1537.8058
2013-12-20 10:50:00,1697.7924,1771.1476,1697.7924,1616.1022,1697.7924,1597.5138
2013-12-20 11:00:00,1738.7125,1686.477,1738.7125,1723.956,1738.7125,1711.625
2013-12-20 11:10:00,1758.3699,1650.7043,1758.3699,1802.9225,1758.3699,1785.6046
2013-12-20 11:20:00,1717.3818,1802.5105,1717.3818,1849.9568,1717.3818,1829.2511
2013-12-20 11:30:00,2046.7505,1817.5764,2046.7505,1845.1129,2046.7505,1820.751
2013-12-20 11:40:00,1989.8289,2156.9197,1989.8289,1986.4044,1989.8289,1987.0155
2013-12-20 11:50:00,2381.0547,2116.9998,2381.0547,2040.7328,2381.0547,2023.6719
2013-12-20 12:00:00,2271.2346,2282.7627,2271.2346,2258.3345,2271.2346,2260.85
2013-12-20 12:10:00,2400.4788,2388.0085,2400.4788,2335.4028,2400.4788,2310.3523
2013-12-20 12:20:00,2226.8408,2434.282,2226.8408,2431.5256,2226.8408,2414.215
2013-12-20 12:30:00,2358.4517,2471.7764,2358.4517,2392.53,2358.4517,2361.825
2013-12-20 12:40:00,2492.564,2527.259,2492.564,2418.504,2492.564,2405.8643
2013-12-20 12:50:00,2654.9883,2533.5881,2654.9883,2484.606,2654.9883,2479.5005
2013-12-20 13:00:00,2834.7441,2680.3525,2834.7441,2596.5952,2834.7441,2591.6326
2013-12-20 13:10:00,2796.3367,3170.5405,2796.3367,2745.9856,2796.3367,2738.3176
2013-12-20 13:20:00,3057.3894,2799.3762,3057.3894,2809.8386,3057.3894,2785.7483
2013-12-20 13:30:00,3188.3403,3104.4368,3188.3403,2967.3,3188.3403,2959.8977
2013-12-20 13:40:00,3221.681,3271.7637,3221.681,3123.65,3221.681,3112.6262
2013-12-20 13:50:00,3524.6064,3239.4612,3524.6064,3221.9756,3524.6064,3203.458
2013-12-20 14:00:00,3223.6047,3431.7358,3223.6047,3426.0032,3223.6047,3420.6873
2013-12-20 14:10:00,3420.8806,3205.0232,3420.8806,3378.3257,3420.8806,3337.1365
2013-12-20 14:20:00,3430.3384,3437.604,3430.3384,3432.4932,3430.3384,3416.0354
2013-12-20 14:30:00,3298.1099,3298.803,3298.1099,3445.5012,3298.1099,3427.9678
2013-12-20 14:40:00,3026.8647,3364.656,3026.8647,3371.9968,3026.8647,3344.6528
2013-12-20 14:50:00,3372.5327,2826.8342,3372.5327,3179.315,3372.5327,3142.6116
2013-12-20 15:00:00,3101.176,3368.3108,3101.176,3225.4426,3101.176,3230.7856
2013-12-20 15:10:00,3045.3306,2927.3108,3045.3306,3112.3323,3045.3306,3087.3005
2013-12-20 15:20:00,3055.932,2868.2751,3055.932,3013.488,3055.932,2992.7627
2013-12-20 15:30:00,2986.7651,3140.4514,2986.7651,2962.424,2986.7651,2949.8806
2013-12-20 15:40:00,3136.2236,2929.0557,3136.2236,2901.9165,3136.2236,2886.6711
2013-12-20 15:50:00,3131.0835,3003.118,3131.0835,2945.3928,3131.0835,2943.482
2013-12-20 16:00:00,3260.1055,3116.6733,3260.1055,2981.7988,3260.1055,2971.0037
2013-12-20 16:10:00,3274.4448,2950.8245,3274.4448,3070.909,3274.4448,3065.034
2013-12-20 16:20:00,3278.2551,2993.614,3278.2551,3141.8123,3278.2551,3128.5427
2013-12-20 16:30:00,3278.9111,3352.228,3278.9111,3190.781,3278.9111,3173.536
2013-12-20 16:40:00,3529.7249,3006.4648,3529.7249,3218.5886,3529.7249,3201.0007
2013-12-20 16:50:00,3394.1943,3504.081,3394.1943,3353.9814,3394.1943,3354.1816
2013-12-20 17:00:00,3234.207,3346.2488,3234.207,3369.833,3234.207,3346.6445
2013-12-20 17:10:00,3389.9429,3100.632,3389.9429,3290.012,3389.9429,3258.646
2013-12-20 17:20:00,3076.8206,3121.3396,3076.8206,3311.0537,3076.8206,3302.28
2013-12-20 17:30:00,3169.0256,3338.84,3169.0256,3159.4202,3169.0256,3126.8853
2013-12-20 17:40:00,3152.8132,2986.0488,3152.8132,3107.5266,3152.8132,3097.0374
2013-12-20 17:50:00,2945.257,3077.3618,2945.257,3066.5903,2945.257,3056.264
2013-12-20 18:00:00,2751.2407,3032.7559,2751.2407,2938.855,2751.2407,2914.1265
2013-12-20 18:10:00,2526.0862,2783.524,2526.0862,2769.31,2526.0862,2742.2532
2013-12-20 18:20:00,2513.12,2602.0667,2513.12,2557.5154,2513.12,2531.1658
2013-12-20 18:30:00,2452.489,2814.6523,2452.489,2426.012,2452.489,2417.3445
2013-12-20 18:40:00,2226.295,2352.2249,2226.295,2324.8499,2226.295,2319.2666
2013-12-20 18:50:00,2231.8542,2239.2664,2231.8542,2169.8064,2231.8542,2151.3926
2013-12-20 19:00:00,2045.1724,2420.632,2045.1724,2088.7776,2045.1724,2082.1208
2013-12-20 19:10:00,1932.1818,1897.6602,1932.1818,1961.2959,1932.1818,1947.6816
2013-12-20 19:20:00,1809.0939,1765.0071,1809.0939,1846.3914,1809.0939,1835.198
2013-12-20 19:30:00,1682.2748,1745.637,1682.2748,1725.7206,1682.2748,1718.1467
2013-12-20 19:40:00,1658.5394,1579.307,1658.5394,1607.0858,1658.5394,1601.3969
2013-12-20 19:50:00,1627.1318,1766.4242,1627.1318,1537.7019,1627.1318,1539.1677
2013-12-20 20:00:00,1571.7871,1354.8422,1571.7871,1493.3071,1571.7871,1496.052
2013-12-20 20:10:00,1417.9408,1465.8114,1417.9408,1453.4424,1417.9408,1453.9822
2013-12-20 20:20:00,1296.3013,1149.8068,1296.3013,1366.7034,1296.3013,1360.8799
2013-12-20 20:30:00,1142.2091,1044.9366,1142.2091,1266.7124,1142.2091,1261.8485
2013-12-20 20:40:00,1166.7402,1157.4628,1166.7402,1139.9724,1166.7402,1134.6759
2013-12-20 20:50:00,1058.7,1161.82,1058.7,1077.6365,1058.7,1085.5771
2013-12-20 21:00:00,881.5584,997.58466,881.5584,1000.8315,881.5584,1003.4397
2013-12-20 21:10:00,897.3151,988.99,897.3151,876.25385,897.3151,871.34796
2013-12-20 21:20:00,777.0237,793.4013,777.0237,813.0385,777.0237,818.9956
2013-12-20 21:30:00,764.11475,696.9731,764.11475,727.56476,764.11475,730.0354
2013-12-20 21:40:00,716.72864,701.184,716.72864,677.6451,716.72864,686.1199
2013-12-20 21:50:00,641.44116,628.5448,641.44116,638.2198,641.44116,646.82764
2013-12-20 22:00:00,796.38336,706.9126,796.38336,591.167,796.38336,596.71826
2013-12-20 22:10:00,612.7666,678.6917,612.7666,647.28723,612.7666,664.33405
2013-12-20 22:20:00,640.7963,571.9718,640.7963,609.33655,640.7963,607.7699
2013-12-20 22:30:00,594.87897,636.5672,594.87897,603.6138,594.87897,606.7932
2013-12-20 22:40:00,603.3621,621.44354,603.3621,583.4344,603.3621,585.1543
2013-12-20 22:50:00,514.1577,517.3616,514.1577,581.6232,514.1577,583.68304
2013-12-20 23:00:00,460.33047,441.7221,460.33047,541.6136,460.33047,536.3145
2013-12-20 23:10:00,372.44223,431.5917,372.44223,488.93936,372.44223,483.61273
2013-12-20 23:20:00,336.6107,404.16116,336.6107,415.99734,336.6107,408.44412
2013-12-20 23:30:00,280.37225,379.79886,280.37225,351.1622,280.37225,347.35315
2013-12-20 23:40:00,322.41583,295.01077,322.41583,286.54022,322.41583,283.3702
2013-12-20 23:50:00,283.0952,220.67793,283.0952,269.37424,283.0952,272.80347
2013-12-21 00:00:00,408.79404,274.79498,408.79404,247.65259,408.79404,249.1379
2013-12-21 00:10:00,251.38527,309.9481,251.38527,306.24225,251.38527,313.74036
2013-12-21 00:20:00,240.89424,278.36514,240.89424,277.33563,240.89424,270.20453
2013-12-21 00:30:00,218.96947,227.71164,218.96947,257.66125,218.96947,252.89772
2013-12-21 00:40:00,215.77422,171.29448,215.77422,237.13147,215.77422,233.60876
2013-12-21 00:50:00,185.72182,205.67892,185.72182,225.62547,185.72182,221.82327
2013-12-21 01:00:00,219.38432,217.68604,219.38432,205.04916,219.38432,198.2055
2013-12-21 01:10:00,211.29134,153.63641,211.29134,209.0761,211.29134,203.758
2013-12-21 01:20:00,178.29422,181.54579,178.29422,210.22252,178.29422,202.83179
2013-12-21 01:30:00,155.89795,175.57677,155.89795,197.95303,155.89795,188.05876
2013-12-21 01:40:00,151.62741,144.25758,151.62741,180.09499,151.62741,171.07681
2013-12-21 01:50:00,149.15114,175.73535,149.15114,169.292,149.15114,161.75497
2013-12-21 02:00:00,150.27457,153.65094,150.27457,162.3999,150.27457,155.6954
2013-12-21 02:10:00,152.6425,144.32358,152.6425,163.87747,152.6425,154.88799
2013-12-21 02:20:00,146.2899,171.161,146.2899,164.4586,146.2899,155.10999
2013-12-21 02:30:00,124.0086,164.32391,124.0086,163.71582,124.0086,153.37541
2013-12-21 02:40:00,140.75584,116.75428,140.75584,153.72787,140.75584,142.13129
2013-12-21 02:50:00,125.731995,144.21483,125.731995,155.94942,125.731995,146.30869
2013-12-21 03:00:00,123.58931,133.51476,123.58931,151.21684,123.58931,140.66359
2013-12-21 03:10:00,146.92789,168.11221,146.92789,148.80853,146.92789,137.7876
2013-12-21 03:20:00,124.38357,163.53293,124.38357,159.09741,124.38357,148.96198
2013-12-21 03:30:00,133.63643,110.59471,133.63643,155.83847,133.63643,143.03262
2013-12-21 03:40:00,151.0685,133.1939,151.0685,157.76303,151.0685,145.84659
2013-12-21 03:50:00,124.377426,118.89076,124.377426,167.92084,124.377426,156.96312
2013-12-21 04:00:00,127.7924,124.25227,127.7924,162.71736,127.7924,149.20575
2013-12-21 04:10:00,139.45918,135.52612,139.45918,160.44107,139.45918,147.64949
2013-12-21 04:20:00,113.931465,113.679886,113.931465,164.47336,113.931465,152.4854
2013-12-21 04:30:00,122.52346,124.04285,122.52346,155.04964,122.52346,140.8994
2013-12-21 04:40:00,140.0016,109.952515,140.0016,151.70667,140.0016,139.06163
2013-12-21 04:50:00,114.012665,131.22003,114.012665,158.45688,114.012665,146.89243
2013-12-21 05:00:00,134.51648,115.57595,134.51648,150.92413,134.51648,137.12505
2013-12-21 05:10:00,143.63506,129.2941,143.63506,155.38936,143.63506,143.66469
2013-12-21 05:20:00,108.21252,161.07127,108.21252,164.00758,108.21252,152.22209
2013-12-21 05:30:00,125.43553,148.67502,125.43553,152.80797,125.43553,138.32635
2013-12-21 05:40:00,124.96249,131.96545,124.96249,152.98546,124.96249,140.7556
2013-12-21 05:50:00,126.73487,100.313805,126.73487,153.5505,126.73487,141.01938
2013-12-21 06:00:00,122.21121,150.27637,122.21121,154.24008,122.21121,141.68741
2013-12-21 06:10:00,121.18922,87.5654,121.18922,152.80107,121.18922,139.7594
2013-12-21 06:20:00,108.15403,127.08243,108.15403,151.64786,108.15403,138.4593
2013-12-21 06:30:00,142.08627,138.85869,142.08627,144.05893,142.08627,130.53351
2013-12-21 06:40:00,152.99304,131.28278,152.99304,155.25116,152.99304,144.50221
2013-12-21 06:50:00,118.656975,174.25845,118.656975,169.45686,118.656975,157.90361
2013-12-21 07:00:00,147.33125,173.86382,147.33125,162.49704,147.33125,147.75543
2013-12-21 07:10:00,190.5125,171.12642,190.5125,171.11061,190.5125,158.8866
2013-12-21 07:20:00,157.04753,211.92929,157.04753,197.94302,157.04753,187.36383
2013-12-21 07:30:00,164.99596,232.61996,164.99596,199.68022,164.99596,184.82625
2013-12-21 07:40:00,186.3249,210.36865,186.3249,203.59253,186.3249,189.25969
2013-12-21 07:50:00,186.68721,260.48734,186.68721,215.20186,186.68721,202.21376
2013-12-21 08:00:00,205.55937,204.37135,205.55937,222.36488,205.55937,208.37392
2013-12-21 08:10:00,196.1886,241.12321,196.1886,234.80745,196.1886,221.3488
2013-12-21 08:20:00,191.43243,295.972,191.43243,237.6251,191.43243,222.69794
2013-12-21 08:30:00,309.6655,316.34604,309.6655,235.24394,309.6655,220.47104
2013-12-21 08:40:00,279.31418,392.08234,279.31418,289.5649,279.31418,282.04044
2013-12-21 08:50:00,268.88684,434.46542,268.88684,313.0005,268.88684,298.30786
2013-12-21 09:00:00,373.0303,502.76443,373.0303,320.774,373.0303,304.32513
2013-12-21 09:10:00,390.93958,531.3889,390.93958,373.66492,390.93958,363.99033
2013-12-21 09:20:00,502.5741,537.05066,502.5741,417.79483,502.5741,404.40012
2013-12-21 09:30:00,582.16016,471.01736,582.16016,497.24945,582.16016,486.99832
2013-12-21 09:40:00,601.16113,682.5526,601.16113,586.61584,601.16113,574.5194
2013-12-21 09:50:00,754.68195,746.73785,754.68195,651.7522,754.68195,633.7204
2013-12-21 10:00:00,991.0584,953.3439,991.0584,761.9964,991.0584,749.4002
2013-12-21 10:10:00,1191.5289,863.53925,1191.5289,943.7078,1191.5289,936.5321
2013-12-21 10:20:00,1183.1973,1161.5867,1183.1973,1154.8193,1183.1973,1144.1309
2013-12-21 10:30:00,1464.5922,1346.9891,1464.5922,1279.3914,1464.5922,1252.3237
2013-12-21 10:40:00,1627.2997,1407.8507,1627.2997,1483.7109,1627.2997,1467.0883
2013-12-21 10:50:00,1823.7963,1651.217,1823.7963,1678.1461,1823.7963,1657.987
2013-12-21 11:00:00,1806.946,1768.8209,1806.946,1879.2911,1806.946,1858.2905
2013-12-21 11:10:00,2013.1069,1798.7546,2013.1069,1978.7715,2013.1069,1943.2421
2013-12-21 11:20:00,2429.8337,1855.4263,2429.8337,2116.2705,2429.8337,2092.015
2013-12-21 11:30:00,2454.5312,2429.5786,2454.5312,2385.4895,2454.5312,2378.02
2013-12-21 11:40:00,2610.0925,2359.7212,2610.0925,2545.1157,2610.0925,2515.3936
2013-12-21 11:50:00,3039.9407,2865.4443,3039.9407,2696.0513,3039.9407,2668.0479
2013-12-21 12:00:00,3289.7625,2807.0352,3289.7625,2979.6873,3289.7625,2971.7417
2013-12-21 12:10:00,3277.9907,3146.416,3277.9907,3257.9717,3277.9907,3241.9731
2013-12-21 12:20:00,3280.9685,2993.9548,3280.9685,3397.943,3280.9685,3360.0251
2013-12-21 12:30:00,3712.048,3248.4968,3712.048,3452.45,3712.048,3414.411
2013-12-21 12:40:00,3323.208,3554.1323,3323.208,3673.7598,3323.208,3667.7722
2013-12-21 12:50:00,3579.2656,3584.5776,3579.2656,3579.6436,3579.2656,3529.2644
2013-12-21 13:00:00,3672.2627,3755.8794,3672.2627,3626.5486,3672.2627,3609.6692
2013-12-21 13:10:00,3719.9592,3651.7415,3719.9592,3670.5923,3719.9592,3656.6357
2013-12-21 13:20:00,3381.267,3934.982,3381.267,3701.6345,3381.267,3683.731
2013-12-21 13:30:00,3742.5396,3789.4968,3742.5396,3538.186,3742.5396,3492.9868
2013-12-21 13:40:00,3613.5344,3817.4023,3613.5344,3607.4624,3613.5344,3606.0708
2013-12-21 13:50:00,3626.5444,3998.6184,3626.5444,3572.1003,3626.5444,3552.3896
2013-12-21 14:00:00,3952.7932,3540.3328,3952.7932,3558.4612,3952.7932,3540.7332
2013-12-21 14:10:00,4221.1035,3917.346,4221.1035,3713.344,4221.1035,3715.7588
2013-12-21 14:20:00,4256.292,4035.558,4256.292,3937.1362,4256.292,3936.3723
2013-12-21 14:30:00,4343.9814,3989.4504,4343.9814,4085.3784,4343.9814,4063.5754
2013-12-21 14:40:00,4247.0474,3854.4827,4247.0474,4220.9766,4247.0474,4194.9673
2013-12-21 14:50:00,4482.817,4351.0093,4482.817,4235.5854,4482.817,4201.1763
2013-12-21 15:00:00,4332.155,4108.4834,4332.155,4356.484,4332.155,4346.034
2013-12-21 15:10:00,4579.6787,4133.758,4579.6787,4334.712,4579.6787,4306.8394
2013-12-21 15:20:00,4600.0444,4312.1636,4600.0444,4435.825,4600.0444,4429.7383
2013-12-21 15:30:00,4888.6743,4335.333,4888.6743,4482.244,4888.6743,4466.754
2013-12-21 15:40:00,4814.1216,4701.5625,4814.1216,4650.64,4814.1216,4646.0073
2013-12-21 15:50:00,5115.5303,4695.218,5115.5303,4694.1245,5115.5303,4666.1133
2013-12-21 16:00:00,4931.132,4989.514,4931.132,4866.0825,4931.132,4856.2373
2013-12-21 16:10:00,5197.4214,4919.064,5197.4214,4860.982,5197.4214,4825.2715
2013-12-21 16:20:00,5152.1006,5031.8096,5152.1006,4991.825,5152.1006,4981.679
2013-12-21 16:30:00,5161.938,5026.948,5161.938,5027.435,5161.938,5005.2812
2013-12-21 16:40:00,5238.3193,5313.369,5238.3193,5043.3306,5238.3193,5023.1743
2013-12-21 16:50:00,5195.2695,5094.22,5195.2695,5077.4297,5195.2695,5064.825
2013-12-21 17:00:00,5096.8105,4956.313,5096.8105,5064.9272,5096.8105,5047.267
2013-12-21 17:10:00,4723.406,5127.4414,4723.406,4995.256,4723.406,4974.6807
2013-12-21 17:20:00,4707.66,4599.369,4707.66,4759.479,4707.66,4724.0996
2013-12-21 17:30:00,4619.0444,4723.0205,4619.0444,4613.2466,4619.0444,4605.3257
2013-12-21 17:40:00,4474.9863,4613.757,4474.9863,4481.008,4474.9863,4477.465
2013-12-21 17:50:00,4293.826,4327.289,4293.826,4330.3984,4293.826,4322.014
2013-12-21 18:00:00,4229.715,4085.6865,4229.715,4160.8584,4229.715,4146.586
2013-12-21 18:10:00,3847.8635,3901.5469,3847.8635,4035.99,3847.8635,4026.7214
2013-12-21 18:20:00,3759.3162,3827.4348,3759.3162,3784.9263,3759.3162,3754.1487
2013-12-21 18:30:00,3328.4038,3716.8035,3328.4038,3607.5552,3328.4038,3592.0256
2013-12-21 18:40:00,3298.8416,3287.0374,3298.8416,3301.2375,3298.8416,3268.0479
2013-12-21 18:50:00,3376.934,3293.1492,3376.934,3123.103,3376.934,3113.7068
2013-12-21 19:00:00,3115.2852,3109.7131,3115.2852,3073.3987,3115.2852,3077.0505
2013-12-21 19:10:00,2839.4736,2982.104,2839.4736,2935.7444,2839.4736,2914.631
2013-12-21 19:20:00,2628.2603,2769.341,2628.2603,2735.504,2628.2603,2704.2808
2013-12-21 19:30:00,2649.7197,2567.2566,2649.7197,2532.244,2649.7197,2506.0417
2013-12-21 19:40:00,2409.6824,2562.1313,2409.6824,2439.1907,2409.6824,2433.5774
2013-12-21 19:50:00,2318.0325,2439.9858,2318.0325,2285.7222,2318.0325,2269.1697
2013-12-21 20:00:00,2096.1624,2321.1455,2096.1624,2166.765,2096.1624,2156.1748
2013-12-21 20:10:00,1898.765,2049.5994,1898.765,2006.5946,1898.765,1989.5563
2013-12-21 20:20:00,1636.9043,1856.3911,1636.9043,1825.4137,1636.9043,1809.1814
2013-12-21 20:30:00,1420.6627,1591.283,1420.6627,1603.6791,1420.6627,1585.0237
2013-12-21 20:40:00,1195.5848,1538.6421,1195.5848,1371.3043,1195.5848,1359.0024
2013-12-21 20:50:00,1291.7339,1268.9827,1291.7339,1136.247,1291.7339,1128.6775
2013-12-21 21:00:00,1121.3544,1110.6846,1121.3544,1057.7208,1121.3544,1073.2117
2013-12-21 21:10:00,1123.2998,1116.1936,1123.2998,952.10345,1123.2998,957.60443
2013-12-21 21:20:00,1009.4167,1000.6288,1009.4167,909.2689,1009.4167,921.33325
2013-12-21 21:30:00,1009.5737,982.0781,1009.5737,853.5427,1009.5737,862.78033
2013-12-21 21:40:00,845.9599,945.03546,845.9599,845.14453,845.9599,859.90485
2013-12-21 21:50:00,824.4452,817.1378,824.4452,781.36224,824.4452,788.11365
2013-12-21 22:00:00,1049.9863,977.4153,1049.9863,746.1809,1049.9863,757.2403
2013-12-21 22:10:00,899.4314,817.9466,899.4314,844.69366,899.4314,870.7136
2013-12-21 22:20:00,778.83716,878.1412,778.83716,852.437,778.83716,855.1657
2013-12-21 22:30:00,784.3658,779.0208,784.3658,804.26733,784.3658,797.0418
2013-12-21 22:40:00,847.26514,792.0012,847.26514,776.5108,847.26514,775.85864
2013-12-21 22:50:00,807.616,718.93823,807.616,790.16943,807.616,797.55634
2013-12-21 23:00:00,717.5035,701.25684,717.5035,790.0709,717.5035,790.4342
2013-12-21 23:10:00,554.8814,611.24976,554.8814,748.1737,554.8814,741.6771
2013-12-21 23:20:00,431.04718,546.9753,431.04718,645.26215,431.04718,631.45245
2013-12-21 23:30:00,450.61215,434.71515,450.61215,516.00867,450.61215,504.52457
2013-12-21 23:40:00,378.2581,484.47458,378.2581,441.9814,378.2581,442.16525
2013-12-21 23:50:00,413.0446,390.27786,413.0446,362.51227,413.0446,363.18683
2013-12-22 00:00:00,416.8296,530.23267,416.8296,335.38715,416.8296,343.0082
2013-12-22 00:10:00,471.00955,313.5783,471.00955,337.64667,471.00955,342.93085
2013-12-22 00:20:00,364.3126,380.43933,364.3126,374.66443,364.3126,381.5697
2013-12-22 00:30:00,317.07718,336.13867,317.07718,358.0375,317.07718,356.26883
2013-12-22 00:40:00,296.8996,330.36743,296.8996,331.46216,296.8996,330.01736
2013-12-22 00:50:00,202.74721,277.33142,202.74721,310.80435,202.74721,310.22513
2013-12-22 01:00:00,218.88101,280.11517,218.88101,255.49553,218.88101,248.6089
2013-12-22 01:10:00,220.17166,242.51413,220.17166,226.33325,220.17166,222.20013
2013-12-22 01:20:00,203.0266,201.15761,203.0266,208.34903,203.0266,204.41934
2013-12-22 01:30:00,209.5705,177.8168,209.5705,190.977,209.5705,186.16028
2013-12-22 01:40:00,187.73396,187.57472,187.73396,188.88474,187.73396,184.74852
2013-12-22 01:50:00,179.95674,182.4055,179.95674,181.60458,179.95674,177.03912
2013-12-22 02:00:00,176.40178,182.50246,176.40178,179.0126,176.40178,174.80508
2013-12-22 02:10:00,158.61143,180.42738,158.61143,180.15533,158.61143,175.7357
2013-12-22 02:20:00,179.7534,164.02898,179.7534,177.35933,179.7534,169.74922
2013-12-22 02:30:00,155.42879,148.47678,155.42879,185.3681,155.42879,178.3228
2013-12-22 02:40:00,161.61684,166.58226,161.61684,180.57018,161.61684,170.25749
2013-12-22 02:50:00,163.42894,148.7612,163.42894,181.0694,163.42894,170.51247
2013-12-22 03:00:00,154.28816,152.3417,154.28816,181.43936,154.28816,171.37189
2013-12-22 03:10:00,142.01357,175.0309,142.01357,179.0751,142.01357,168.1739
2013-12-22 03:20:00,155.68127,137.00552,155.68127,172.54796,155.68127,160.88614
2013-12-22 03:30:00,147.15718,155.13469,147.15718,174.85985,147.15718,164.54027
2013-12-22 03:40:00,156.03911,166.66762,156.03911,173.58951,156.03911,162.03447
2013-12-22 03:50:00,151.39172,135.85294,151.39172,177.05234,151.39172,165.87798
2013-12-22 04:00:00,144.24457,145.15622,144.24457,177.78,144.24457,165.84297
2013-12-22 04:10:00,145.34608,155.4033,145.34608,175.17957,145.34608,162.66522
2013-12-22 04:20:00,149.29715,124.88818,149.29715,173.68307,149.29715,161.71985
2013-12-22 04:30:00,156.20477,144.10414,156.20477,175.3667,156.20477,163.48013
2013-12-22 04:40:00,148.22444,165.06883,148.22444,179.56647,148.22444,167.9306
2013-12-22 04:50:00,137.28139,130.91963,137.28139,179.1339,137.28139,166.42673
2013-12-22 05:00:00,175.68718,154.03831,175.68718,173.6001,175.68718,160.18575
2013-12-22 05:10:00,188.8816,171.54463,188.8816,187.7689,188.8816,177.21387
2013-12-22 05:20:00,153.52303,142.50294,153.52303,204.23853,153.52303,193.14594
2013-12-22 05:30:00,166.23944,163.23775,166.23944,199.12302,166.23944,184.22798
2013-12-22 05:40:00,139.73802,162.78262,139.73802,200.32777,139.73802,187.17111
2013-12-22 05:50:00,167.06377,153.05809,167.06377,188.07578,167.06377,173.52547
2013-12-22 06:00:00,157.21971,154.8371,157.21971,191.54445,157.21971,179.76479
2013-12-22 06:10:00,191.82173,152.66422,191.82173,189.11852,191.82173,176.22398
2013-12-22 06:20:00,174.44112,156.93173,174.44112,203.85477,174.44112,192.90977
2013-12-22 06:30:00,181.11992,195.31621,181.11992,206.3114,181.11992,192.84943
2013-12-22 06:40:00,198.58919,199.0805,198.58919,210.92589,198.58919,197.82661
2013-12-22 06:50:00,175.94362,163.29886,175.94362,221.90492,175.94362,210.03075
2013-12-22 07:00:00,185.95343,196.33238,185.95343,218.05249,185.95343,204.45172
2013-12-22 07:10:00,169.4521,232.99695,169.4521,220.04489,169.4521,207.33426
2013-12-22 07:20:00,143.36398,170.46349,143.36398,213.09898,143.36398,198.90959
2013-12-22 07:30:00,193.89926,167.61708,193.89926,193.9224,193.89926,178.99416
2013-12-22 07:40:00,184.47607,200.03337,184.47607,204.35994,184.47607,194.01442
2013-12-22 07:50:00,240.31914,191.9093,240.31914,207.29962,240.31914,195.41771
2013-12-22 08:00:00,326.52258,233.26457,326.52258,237.06732,326.52258,227.81047
2013-12-22 08:10:00,215.69339,262.13358,215.69339,299.7555,215.69339,293.00406
2013-12-22 08:20:00,260.60254,232.92976,260.60254,291.2775,260.60254,272.2156
2013-12-22 08:30:00,264.78928,365.50055,264.78928,302.79617,264.78928,288.93497
2013-12-22 08:40:00,250.56296,285.12558,250.56296,310.49808,250.56296,297.15085
2013-12-22 08:50:00,314.787,264.8996,314.787,306.6123,314.787,291.4297
2013-12-22 09:00:00,313.99716,388.31284,313.99716,331.25903,313.99716,319.95847
2013-12-22 09:10:00,307.73666,372.09488,307.73666,346.66257,307.73666,332.3144
2013-12-22 09:20:00,368.32416,457.80295,368.32416,351.64523,368.32416,335.6978
2013-12-22 09:30:00,479.69916,498.2378,479.69916,381.1219,479.69916,369.87265
2013-12-22 09:40:00,485.31552,513.4667,485.31552,454.82645,485.31552,448.08313
2013-12-22 09:50:00,637.48254,654.3058,637.48254,506.81775,637.48254,494.51572
2013-12-22 10:00:00,769.5695,886.92114,769.5695,613.34094,769.5695,606.07117
2013-12-22 10:10:00,1042.939,1035.6245,1042.939,748.1354,1042.939,738.77466
2013-12-22 10:20:00,1120.0114,1038.6198,1120.0114,963.43726,1120.0114,959.54266
2013-12-22 10:30:00,1506.1578,1355.3479,1506.1578,1139.4403,1506.1578,1122.09
2013-12-22 10:40:00,1612.749,1587.1018,1612.749,1432.0253,1612.749,1424.8462
2013-12-22 10:50:00,1948.4683,1789.9839,1948.4683,1662.0162,1948.4683,1639.197
2013-12-22 11:00:00,1964.9064,1847.5045,1964.9064,1956.7124,1964.9064,1938.4359
2013-12-22 11:10:00,2264.9587,2097.007,2264.9587,2129.026,2264.9587,2091.7834
2013-12-22 11:20:00,2556.0422,2588.0867,2556.0422,2355.298,2556.0422,2330.0427
2013-12-22 11:30:00,2781.1304,2587.42,2781.1304,2611.3523,2781.1304,2589.7903
2013-12-22 11:40:00,2721.041,2833.2708,2721.041,2853.0403,2721.041,2825.6296
2013-12-22 11:50:00,2945.836,3195.6882,2945.836,2938.0056,2945.836,2891.6821
2013-12-22 12:00:00,3088.5342,3342.3162,3088.5342,3068.4502,3088.5342,3039.6047
2013-12-22 12:10:00,3307.9297,3216.3186,3307.9297,3185.8188,3307.9297,3161.5286
2013-12-22 12:20:00,3401.1375,3270.6155,3401.1375,3339.5217,3401.1375,3321.2434
2013-12-22 12:30:00,3480.9958,3750.2527,3480.9958,3450.4746,3480.9958,3426.6062
2013-12-22 12:40:00,3382.0596,3240.7952,3382.0596,3536.6677,3382.0596,3510.1113
2013-12-22 12:50:00,3540.3796,3571.3528,3540.3796,3513.3838,3540.3796,3477.8086
2013-12-22 13:00:00,3520.159,3637.9739,3520.159,3559.4873,3520.159,3541.9084
2013-12-22 13:10:00,3635.4126,3642.6292,3635.4126,3553.269,3635.4126,3532.3318
2013-12-22 13:20:00,3604.9355,3300.0657,3604.9355,3593.8574,3604.9355,3581.0225
2013-12-22 13:30:00,3322.62,3801.24,3322.62,3591.5652,3322.62,3570.969
2013-12-22 13:40:00,3709.6125,3442.253,3709.6125,3439.2095,3709.6125,3399.7556
2013-12-22 13:50:00,3698.953,3606.75,3698.953,3530.0234,3698.953,3533.6636
2013-12-22 14:00:00,3807.0195,3944.597,3807.0195,3573.0198,3807.0195,3561.637
2013-12-22 14:10:00,3881.282,4167.5703,3881.282,3652.6948,3881.282,3640.5454
2013-12-22 14:20:00,4090.7812,4068.8628,4090.781,3738.2559,4090.781,3722.5212
2013-12-22 14:30:00,4110.3506,4185.3477,4110.3506,3893.5017,4110.3506,3884.166
2013-12-22 14:40:00,4074.694,4046.142,4074.6943,3991.5222,4074.6943,3970.087
2013-12-22 14:50:00,3939.6633,4309.2935,3939.6633,4023.6118,3939.6633,3996.3477
2013-12-22 15:00:00,4441.4775,3987.1274,4441.4775,3967.4866,4441.4775,3935.8462
2013-12-22 15:10:00,4475.815,4466.1895,4475.815,4178.0757,4475.815,4189.244
2013-12-22 15:20:00,4638.5596,4460.6484,4638.5596,4306.966,4638.5596,4294.4487
2013-12-22 15:30:00,4911.654,4853.334,4911.654,4457.4126,4911.654,4440.6836
2013-12-22 15:40:00,4693.617,4783.5176,4693.617,4669.5557,4693.617,4657.711
2013-12-22 15:50:00,4772.321,5057.3403,4772.321,4673.4844,4772.321,4630.21
2013-12-22 16:00:00,4917.944,4740.6343,4917.944,4706.199,4917.944,4680.001
2013-12-22 16:10:00,5202.037,5104.9624,5202.037,4783.8027,5202.037,4771.808
2013-12-22 16:20:00,5496.4404,5087.632,5496.4404,4958.528,5496.4404,4958.1313
2013-12-22 16:30:00,5148.8115,5290.0576,5148.8115,5197.1284,5148.8115,5194.111
2013-12-22 16:40:00,5170.4727,5278.2593,5170.4727,5138.248,5170.4727,5089.2583
2013-12-22 16:50:00,5197.569,5206.004,5197.569,5108.4795,5197.569,5079.3687
2013-12-22 17:00:00,5111.876,5093.5176,5111.876,5085.621,5111.876,5070.0703
2013-12-22 17:10:00,5203.0317,4734.984,5203.0317,5020.264,5203.0317,5004.07
2013-12-22 17:20:00,4704.4346,4923.6,4704.4346,5019.848,4704.4346,5017.1016
2013-12-22 17:30:00,4574.6064,4716.6865,4574.6064,4755.2793,4574.6064,4717.6016
2013-12-22 17:40:00,4689.8677,4525.3545,4689.8677,4541.9985,4689.8677,4526.3164
2013-12-22 17:50:00,4508.6577,4409.481,4508.6577,4469.307,4508.6577,4478.464
2013-12-22 18:00:00,4076.4365,4385.6113,4076.4365,4334.3403,4076.4365,4325.578
2013-12-22 18:10:00,3945.8662,3858.3333,3945.8662,4047.8472,3945.8662,4014.3228
2013-12-22 18:20:00,3792.1099,3822.8591,3792.1099,3831.6106,3792.1099,3815.4016
2013-12-22 18:30:00,3426.2136,3363.1921,3426.2136,3642.4026,3426.2136,3630.721
2013-12-22 18:40:00,3258.95,3371.158,3258.95,3357.2898,3258.95,3330.3445
2013-12-22 18:50:00,3132.6306,3387.4214,3132.6306,3123.0808,3132.6306,3105.5403
2013-12-22 19:00:00,2755.7332,3021.6262,2755.7332,2940.3994,2755.7332,2928.5854
2013-12-22 19:10:00,2439.4658,2630.5024,2439.4658,2666.3555,2439.4658,2637.2556
2013-12-22 19:20:00,2133.372,2346.107,2133.372,2371.181,2133.372,2340.4788
2013-12-22 19:30:00,1886.3403,2278.9656,1886.3403,2057.66,1886.3403,2030.4703
2013-12-22 19:40:00,1736.2622,1877.0228,1736.2622,1768.1841,1736.2622,1749.522
2013-12-22 19:50:00,1414.5424,1743.2751,1414.5424,1547.2374,1414.5424,1539.4513
2013-12-22 20:00:00,1426.4116,1383.3776,1426.4116,1284.675,1426.4116,1268.8745
2013-12-22 20:10:00,1313.5432,1233.8109,1313.5432,1151.04,1313.5432,1156.9264
2013-12-22 20:20:00,1210.7015,1009.6042,1210.7015,1049.9248,1210.7015,1057.2755
2013-12-22 20:30:00,1004.9643,900.8795,1004.9643,973.404,1004.9643,981.24194
2013-12-22 20:40:00,878.2758,721.68494,878.2758,856.40076,878.2758,859.9524
2013-12-22 20:50:00,916.84094,901.05225,916.84094,749.06445,916.84094,758.0482
2013-12-22 21:00:00,756.34454,736.7755,756.34454,724.90643,756.34454,746.26605
2013-12-22 21:10:00,573.801,760.28656,573.801,654.2477,573.801,665.4731
2013-12-22 21:20:00,561.53125,565.25977,561.53125,537.2473,561.53125,540.79144
2013-12-22 21:30:00,604.3314,582.9019,604.3314,466.89462,604.3314,479.14352
2013-12-22 21:40:00,415.2736,430.32294,415.2736,456.46805,415.2736,475.25717
2013-12-22 21:50:00,512.7652,414.08902,512.7652,377.77582,512.7652,381.63004
2013-12-22 22:00:00,696.9035,689.9684,696.9035,380.86884,696.9035,397.66638
2013-12-22 22:10:00,547.44727,547.0026,547.44727,491.2953,547.44727,516.1454
2013-12-22 22:20:00,431.02182,434.91135,431.02182,510.5785,431.02182,513.18713
2013-12-22 22:30:00,381.10562,444.3582,381.10562,474.54678,381.10562,467.6348
2013-12-22 22:40:00,402.65027,486.26047,402.65027,425.99768,402.65027,421.92575
2013-12-22 22:50:00,363.70206,417.99835,363.70206,404.28043,363.70206,406.42032
2013-12-22 23:00:00,364.70593,313.09604,364.70593,376.88135,364.70593,374.01935
2013-12-22 23:10:00,293.6267,182.38985,293.6267,359.4077,293.6267,355.21616
2013-12-22 23:20:00,271.79803,113.22064,271.79803,314.47342,271.79803,306.25177
2013-12-22 23:30:00,254.00237,207.55559,254.00237,277.7899,254.00237,271.7882
2013-12-22 23:40:00,280.6933,156.17706,280.6933,251.00293,280.6933,246.46558
2013-12-22 23:50:00,230.58522,252.35002,230.58522,247.29953,230.58522,248.6207
